trial,id,prompt,category,difficulty,expected_tool,expected_args,model_output,parsed_tool,parsed_args,tool_correct,args_correct,format_valid,false_positive,latency_ms,error
1,n001,weather in Lagos please,should_call,easy,get_weather,"{""location"": ""Lagos""}","{""name"": ""get_weather"", ""arguments"": {""location"": ""Lagos""}}",get_weather,"{""location"": ""Lagos""}",True,True,True,False,4309.6,
2,n001,weather in Lagos please,should_call,easy,get_weather,"{""location"": ""Lagos""}","{""name"": ""get_weather"", ""arguments"": {""location"": ""Lagos""}}",get_weather,"{""location"": ""Lagos""}",True,True,True,False,6812.7,
3,n001,weather in Lagos please,should_call,easy,get_weather,"{""location"": ""Lagos""}","{""name"": ""get_weather"", ""arguments"": {""location"": ""Lagos""}}",get_weather,"{""location"": ""Lagos""}",True,True,True,False,8290.6,
4,n001,weather in Lagos please,should_call,easy,get_weather,"{""location"": ""Lagos""}","{""name"": ""get_weather"", ""arguments"": {""location"": ""Lagos""}}",get_weather,"{""location"": ""Lagos""}",True,True,True,False,7104.7,
5,n001,weather in Lagos please,should_call,easy,get_weather,"{""location"": ""Lagos""}","{""name"": ""get_weather"", ""arguments"": {""location"": ""Lagos""}}",get_weather,"{""location"": ""Lagos""}",True,True,True,False,7124.2,
6,n001,weather in Lagos please,should_call,easy,get_weather,"{""location"": ""Lagos""}","{""name"": ""get_weather"", ""arguments"": {""location"": ""Lagos""}}",get_weather,"{""location"": ""Lagos""}",True,True,True,False,7076.2,
7,n001,weather in Lagos please,should_call,easy,get_weather,"{""location"": ""Lagos""}","{""name"": ""get_weather"", ""arguments"": {""location"": ""Lagos""}}",get_weather,"{""location"": ""Lagos""}",True,True,True,False,7838.3,
8,n001,weather in Lagos please,should_call,easy,get_weather,"{""location"": ""Lagos""}","{""name"": ""get_weather"", ""arguments"": {""location"": ""Lagos""}}",get_weather,"{""location"": ""Lagos""}",True,True,True,False,7301.4,
1,n002,give me the current weather for Oslo,should_call,easy,get_weather,"{""location"": ""Oslo""}","{""name"": ""get_weather"", ""arguments"": {""location"": ""Oslo""}}",get_weather,"{""location"": ""Oslo""}",True,True,True,False,7427.3,
2,n002,give me the current weather for Oslo,should_call,easy,get_weather,"{""location"": ""Oslo""}","{""name"": ""get_weather"", ""arguments"": {""location"": ""Ols""))",,,False,False,True,False,8197.8,
3,n002,give me the current weather for Oslo,should_call,easy,get_weather,"{""location"": ""Oslo""}","{""name"": ""get_weather"", ""arguments"": {""location"": ""Oslo""}}",get_weather,"{""location"": ""Oslo""}",True,True,True,False,7876.1,
4,n002,give me the current weather for Oslo,should_call,easy,get_weather,"{""location"": ""Oslo""}","{""name"": ""get_weather"", ""arguments"": {""location"": ""Oslo""}}",get_weather,"{""location"": ""Oslo""}",True,True,True,False,8239.3,
5,n002,give me the current weather for Oslo,should_call,easy,get_weather,"{""location"": ""Oslo""}","{""name"": ""get_weather"", ""arguments"": {""location"": ""Ols""}}",get_weather,"{""location"": ""Ols""}",True,False,True,False,7688.9,
6,n002,give me the current weather for Oslo,should_call,easy,get_weather,"{""location"": ""Oslo""}","{""name"": ""get_weather"", ""arguments"": {""location"": ""Oslo""}}",get_weather,"{""location"": ""Oslo""}",True,True,True,False,8335.7,
7,n002,give me the current weather for Oslo,should_call,easy,get_weather,"{""location"": ""Oslo""}","{""name"": ""get_weather"", ""arguments"": {""location"": ""Ols""}}",get_weather,"{""location"": ""Ols""}",True,False,True,False,8693.5,
8,n002,give me the current weather for Oslo,should_call,easy,get_weather,"{""location"": ""Oslo""}","{""name"": ""get_weather"", ""arguments"": {""location"": ""Oslo""}}",get_weather,"{""location"": ""Oslo""}",True,True,True,False,7795.1,
1,n003,how's the weather in Cape Town,should_call,easy,get_weather,"{""location"": ""Cape Town""}","{""name"": ""get_weather"", ""arguments"": {""location"": ""Cape Town""}}",get_weather,"{""location"": ""Cape Town""}",True,True,True,False,7555.1,
2,n003,how's the weather in Cape Town,should_call,easy,get_weather,"{""location"": ""Cape Town""}","{""name"": ""get_weather"", ""arguments"": {""location"": ""Cape Town""}}",get_weather,"{""location"": ""Cape Town""}",True,True,True,False,8202.0,
3,n003,how's the weather in Cape Town,should_call,easy,get_weather,"{""location"": ""Cape Town""}","{""name"": ""get_weather"", ""arguments"": {""location"": ""Cape Town""}}",get_weather,"{""location"": ""Cape Town""}",True,True,True,False,8263.5,
4,n003,how's the weather in Cape Town,should_call,easy,get_weather,"{""location"": ""Cape Town""}","{""name"": ""get_weather"", ""arguments"": {""location"": ""Cape Town""}}",get_weather,"{""location"": ""Cape Town""}",True,True,True,False,7667.4,
5,n003,how's the weather in Cape Town,should_call,easy,get_weather,"{""location"": ""Cape Town""}","{""name"": ""get_weather"", ""arguments"": {""location"": ""Cape Town""}}",get_weather,"{""location"": ""Cape Town""}",True,True,True,False,8108.4,
6,n003,how's the weather in Cape Town,should_call,easy,get_weather,"{""location"": ""Cape Town""}","{""name"": ""get_weather"", ""arguments"": {""location"": ""Cape Town""}}",get_weather,"{""location"": ""Cape Town""}",True,True,True,False,7833.9,
7,n003,how's the weather in Cape Town,should_call,easy,get_weather,"{""location"": ""Cape Town""}","{""name"": ""get_weather"", ""arguments"": {""location"": ""Cape Town""}}",get_weather,"{""location"": ""Cape Town""}",True,True,True,False,8518.4,
8,n003,how's the weather in Cape Town,should_call,easy,get_weather,"{""location"": ""Cape Town""}","{""name"": ""get_weather"", ""arguments"": {""location"": ""Cape Town""}}",get_weather,"{""location"": ""Cape Town""}",True,True,True,False,7500.7,
1,n004,check the weather in Toronto for me,should_call,easy,get_weather,"{""location"": ""Toronto""}","{""name"": ""get_weather"", ""arguments"": {""location"": ""Toronto""}}",get_weather,"{""location"": ""Toronto""}",True,True,True,False,7981.4,
2,n004,check the weather in Toronto for me,should_call,easy,get_weather,"{""location"": ""Toronto""}","{""name"": ""get_weather"", ""arguments"": {""location"": ""Toronto""}}",get_weather,"{""location"": ""Toronto""}",True,True,True,False,8913.6,
3,n004,check the weather in Toronto for me,should_call,easy,get_weather,"{""location"": ""Toronto""}","{""name"": ""get_weather"", ""arguments"": {""location"": ""Toronto""}}",get_weather,"{""location"": ""Toronto""}",True,True,True,False,8628.2,
4,n004,check the weather in Toronto for me,should_call,easy,get_weather,"{""location"": ""Toronto""}","{""name"": ""get_weather"", ""arguments"": {""location"": ""Toronto""}}",get_weather,"{""location"": ""Toronto""}",True,True,True,False,8187.4,
5,n004,check the weather in Toronto for me,should_call,easy,get_weather,"{""location"": ""Toronto""}","{""name"": ""get_weather"", ""arguments"": {""location"": ""Toronto""}}",get_weather,"{""location"": ""Toronto""}",True,True,True,False,9521.8,
6,n004,check the weather in Toronto for me,should_call,easy,get_weather,"{""location"": ""Toronto""}","{""name"": ""get_weather"", ""arguments"": {""location"": ""Toronto""}}",get_weather,"{""location"": ""Toronto""}",True,True,True,False,9324.0,
7,n004,check the weather in Toronto for me,should_call,easy,get_weather,"{""location"": ""Toronto""}","{""name"": ""get_weather"", ""arguments"": {""location"": ""Toronto""}}",get_weather,"{""location"": ""Toronto""}",True,True,True,False,8720.2,
8,n004,check the weather in Toronto for me,should_call,easy,get_weather,"{""location"": ""Toronto""}","{""name"": ""get_weather"", ""arguments"": {""location"": ""Toronto""}}",get_weather,"{""location"": ""Toronto""}",True,True,True,False,8618.5,
1,n005,what's it like outside in Denver,should_call,easy,get_weather,"{""location"": ""Denver""}","{""name"": ""get_weather"", ""arguments"": {""location"": ""Denver""}}",get_weather,"{""location"": ""Denver""}",True,True,True,False,9237.0,
2,n005,what's it like outside in Denver,should_call,easy,get_weather,"{""location"": ""Denver""}","{""name"": ""get_weather"", ""arguments"": {""location"": ""Denver""}}",get_weather,"{""location"": ""Denver""}",True,True,True,False,6874.4,
3,n005,what's it like outside in Denver,should_call,easy,get_weather,"{""location"": ""Denver""}","{""name"": ""get_weather"", ""arguments"": {""location"": ""Denver""}}",get_weather,"{""location"": ""Denver""}",True,True,True,False,7014.1,
4,n005,what's it like outside in Denver,should_call,easy,get_weather,"{""location"": ""Denver""}","{""name"": ""get_weather"", ""arguments"": {""location"": ""Denver""}}",get_weather,"{""location"": ""Denver""}",True,True,True,False,7643.3,
5,n005,what's it like outside in Denver,should_call,easy,get_weather,"{""location"": ""Denver""}","{""name"": ""get_weather"", ""arguments"": {""location"": ""Denver""}}",get_weather,"{""location"": ""Denver""}",True,True,True,False,8858.4,
6,n005,what's it like outside in Denver,should_call,easy,get_weather,"{""location"": ""Denver""}","{""name"": ""get_weather"", ""arguments"": {""location"": ""Denver""}}",get_weather,"{""location"": ""Denver""}",True,True,True,False,9489.8,
7,n005,what's it like outside in Denver,should_call,easy,get_weather,"{""location"": ""Denver""}","{""name"": ""get_weather"", ""arguments"": {""location"": ""Denver""}}",get_weather,"{""location"": ""Denver""}",True,True,True,False,7539.2,
8,n005,what's it like outside in Denver,should_call,easy,get_weather,"{""location"": ""Denver""}","{""name"": ""get_weather"", ""arguments"": {""location"": ""Denver""}}",get_weather,"{""location"": ""Denver""}",True,True,True,False,8840.3,
1,n006,I need the weather report for Dublin,should_call,easy,get_weather,"{""location"": ""Dublin""}","{""name"": ""get_weather"", ""arguments"": {""location"": ""Dublin""}}",get_weather,"{""location"": ""Dublin""}",True,True,True,False,8117.5,
2,n006,I need the weather report for Dublin,should_call,easy,get_weather,"{""location"": ""Dublin""}","{""name"": ""get_weather"", ""arguments"": {""location"": ""Dublin""}}",get_weather,"{""location"": ""Dublin""}",True,True,True,False,9652.4,
3,n006,I need the weather report for Dublin,should_call,easy,get_weather,"{""location"": ""Dublin""}","{""name"": ""get_weather"", ""arguments"": {""location"": ""Dublin""}}",get_weather,"{""location"": ""Dublin""}",True,True,True,False,8811.0,
4,n006,I need the weather report for Dublin,should_call,easy,get_weather,"{""location"": ""Dublin""}","{""name"": ""get_weather"", ""arguments"": {""location"": ""Dublin""}}",get_weather,"{""location"": ""Dublin""}",True,True,True,False,8848.3,
5,n006,I need the weather report for Dublin,should_call,easy,get_weather,"{""location"": ""Dublin""}","{""name"": ""get_weather"", ""arguments"": {""location"": ""Dublin""}}",get_weather,"{""location"": ""Dublin""}",True,True,True,False,7550.5,
6,n006,I need the weather report for Dublin,should_call,easy,get_weather,"{""location"": ""Dublin""}","{""name"": ""get_weather"", ""arguments"": {""location"": ""Dublin""}}",get_weather,"{""location"": ""Dublin""}",True,True,True,False,7691.3,
7,n006,I need the weather report for Dublin,should_call,easy,get_weather,"{""location"": ""Dublin""}","{""name"": ""get_weather"", ""arguments"": {""location"": ""Dublin""}}",get_weather,"{""location"": ""Dublin""}",True,True,True,False,8072.2,
8,n006,I need the weather report for Dublin,should_call,easy,get_weather,"{""location"": ""Dublin""}","{""name"": ""get_weather"", ""arguments"": {""location"": ""Dublin""}}",get_weather,"{""location"": ""Dublin""}",True,True,True,False,9177.3,
1,n007,tell me the weather in Seoul,should_call,easy,get_weather,"{""location"": ""Seoul""}","{""name"": ""get_weather"", ""arguments"": {""location"": ""Seoul""}}",get_weather,"{""location"": ""Seoul""}",True,True,True,False,7375.1,
2,n007,tell me the weather in Seoul,should_call,easy,get_weather,"{""location"": ""Seoul""}","{""name"": ""get_weather"", ""arguments"": {""location"": ""Seoul""}}",get_weather,"{""location"": ""Seoul""}",True,True,True,False,10459.6,
3,n007,tell me the weather in Seoul,should_call,easy,get_weather,"{""location"": ""Seoul""}","{""name"": ""get_weather"", ""arguments"": {""location"": ""Seoul""}}",get_weather,"{""location"": ""Seoul""}",True,True,True,False,9128.8,
4,n007,tell me the weather in Seoul,should_call,easy,get_weather,"{""location"": ""Seoul""}","{""name"": ""get_weather"", ""arguments"": {""location"": ""Seoul""}}",get_weather,"{""location"": ""Seoul""}",True,True,True,False,10000.9,
5,n007,tell me the weather in Seoul,should_call,easy,get_weather,"{""location"": ""Seoul""}","{""name"": ""get_weather"", ""arguments"": {""location"": ""Seoul""}}",get_weather,"{""location"": ""Seoul""}",True,True,True,False,9887.0,
6,n007,tell me the weather in Seoul,should_call,easy,get_weather,"{""location"": ""Seoul""}","{""name"": ""get_weather"", ""arguments"": {""location"": ""Seoul""}}",get_weather,"{""location"": ""Seoul""}",True,True,True,False,8423.9,
7,n007,tell me the weather in Seoul,should_call,easy,get_weather,"{""location"": ""Seoul""}","{""name"": ""get_weather"", ""arguments"": {""location"": ""Seoul""}}",get_weather,"{""location"": ""Seoul""}",True,True,True,False,9103.9,
8,n007,tell me the weather in Seoul,should_call,easy,get_weather,"{""location"": ""Seoul""}","{""name"": ""get_weather"", ""arguments"": {""location"": ""Seoul""}}",get_weather,"{""location"": ""Seoul""}",True,True,True,False,9894.5,
1,n008,weather check for Manila,should_call,easy,get_weather,"{""location"": ""Manila""}","{""name"": ""get_weather"", ""arguments"": {""location"": ""Manila""}}",get_weather,"{""location"": ""Manila""}",True,True,True,False,9619.9,
2,n008,weather check for Manila,should_call,easy,get_weather,"{""location"": ""Manila""}","{""name"": ""get_weather"", ""arguments"": {""location"": ""Manila""}}",get_weather,"{""location"": ""Manila""}",True,True,True,False,8388.4,
3,n008,weather check for Manila,should_call,easy,get_weather,"{""location"": ""Manila""}","{""name"": ""get_weather"", ""arguments"": {""location"": ""Manila""}}",get_weather,"{""location"": ""Manila""}",True,True,True,False,8695.0,
4,n008,weather check for Manila,should_call,easy,get_weather,"{""location"": ""Manila""}","{""name"": ""get_weather"", ""arguments"": {""location"": ""Manila""}}",get_weather,"{""location"": ""Manila""}",True,True,True,False,9113.8,
5,n008,weather check for Manila,should_call,easy,get_weather,"{""location"": ""Manila""}","{""name"": ""get_weather"", ""arguments"": {""location"": ""Manila""}}",get_weather,"{""location"": ""Manila""}",True,True,True,False,8203.1,
6,n008,weather check for Manila,should_call,easy,get_weather,"{""location"": ""Manila""}","{""name"": ""get_weather"", ""arguments"": {""location"": ""Manila""}}",get_weather,"{""location"": ""Manila""}",True,True,True,False,8517.6,
7,n008,weather check for Manila,should_call,easy,get_weather,"{""location"": ""Manila""}","{""name"": ""get_weather"", ""arguments"": {""location"": ""Manila""}}",get_weather,"{""location"": ""Manila""}",True,True,True,False,9773.1,
8,n008,weather check for Manila,should_call,easy,get_weather,"{""location"": ""Manila""}","{""name"": ""get_weather"", ""arguments"": {""location"": ""Manila""}}",get_weather,"{""location"": ""Manila""}",True,True,True,False,7850.3,
1,n009,current weather in Vienna?,should_call,easy,get_weather,"{""location"": ""Vienna""}","{""name"": ""get_weather"", ""arguments"": {""location"": ""Vienna""}}",get_weather,"{""location"": ""Vienna""}",True,True,True,False,9092.5,
2,n009,current weather in Vienna?,should_call,easy,get_weather,"{""location"": ""Vienna""}","{""name"": ""get_weather"", ""arguments"": {""location"": ""Vienna""}}",get_weather,"{""location"": ""Vienna""}",True,True,True,False,9024.6,
3,n009,current weather in Vienna?,should_call,easy,get_weather,"{""location"": ""Vienna""}","{""name"": ""get_weather"", ""arguments"": {""location"": ""Vienna""}}",get_weather,"{""location"": ""Vienna""}",True,True,True,False,10692.5,
4,n009,current weather in Vienna?,should_call,easy,get_weather,"{""location"": ""Vienna""}","{""name"": ""get_weather"", ""arguments"": {""location"": ""Vienna""}}",get_weather,"{""location"": ""Vienna""}",True,True,True,False,10870.6,
5,n009,current weather in Vienna?,should_call,easy,get_weather,"{""location"": ""Vienna""}","{""name"": ""get_weather"", ""arguments"": {""location"": ""Vienna""}}",get_weather,"{""location"": ""Vienna""}",True,True,True,False,8824.4,
6,n009,current weather in Vienna?,should_call,easy,get_weather,"{""location"": ""Vienna""}","{""name"": ""get_weather"", ""arguments"": {""location"": ""Vienna""}}",get_weather,"{""location"": ""Vienna""}",True,True,True,False,8867.0,
7,n009,current weather in Vienna?,should_call,easy,get_weather,"{""location"": ""Vienna""}","{""name"": ""get_weather"", ""arguments"": {""location"": ""Vienna""}}",get_weather,"{""location"": ""Vienna""}",True,True,True,False,9038.2,
8,n009,current weather in Vienna?,should_call,easy,get_weather,"{""location"": ""Vienna""}","{""name"": ""get_weather"", ""arguments"": {""location"": ""Vienna""}}",get_weather,"{""location"": ""Vienna""}",True,True,True,False,9167.1,
1,n010,what's the temperature in Cairo right now,should_call,easy,get_weather,"{""location"": ""Cairo""}","{""name"": ""get_weather"", ""arguments"": {""location"": ""Cairo""}}",get_weather,"{""location"": ""Cairo""}",True,True,True,False,9359.9,
2,n010,what's the temperature in Cairo right now,should_call,easy,get_weather,"{""location"": ""Cairo""}","{""name"": ""get_weather"", ""arguments"": {""location"": ""Cairo""}}",get_weather,"{""location"": ""Cairo""}",True,True,True,False,8162.0,
3,n010,what's the temperature in Cairo right now,should_call,easy,get_weather,"{""location"": ""Cairo""}","{""name"": ""get_weather"", ""arguments"": {""location"": ""Cairo""}}",get_weather,"{""location"": ""Cairo""}",True,True,True,False,10050.0,
4,n010,what's the temperature in Cairo right now,should_call,easy,get_weather,"{""location"": ""Cairo""}","{""name"": ""get_weather"", ""arguments"": {""location"": ""Cairo""}}",get_weather,"{""location"": ""Cairo""}",True,True,True,False,8276.6,
5,n010,what's the temperature in Cairo right now,should_call,easy,get_weather,"{""location"": ""Cairo""}","{""name"": ""get_weather"", ""arguments"": {""location"": ""Cairo""}}",get_weather,"{""location"": ""Cairo""}",True,True,True,False,7504.9,
6,n010,what's the temperature in Cairo right now,should_call,easy,get_weather,"{""location"": ""Cairo""}","{""name"": ""get_weather"", ""arguments"": {""location"": ""Cairo""}}",get_weather,"{""location"": ""Cairo""}",True,True,True,False,8137.8,
7,n010,what's the temperature in Cairo right now,should_call,easy,get_weather,"{""location"": ""Cairo""}","{""name"": ""get_weather"", ""arguments"": {""location"": ""Cairo""}}",get_weather,"{""location"": ""Cairo""}",True,True,True,False,10581.1,
8,n010,what's the temperature in Cairo right now,should_call,easy,get_weather,"{""location"": ""Cairo""}","{""name"": ""get_weather"", ""arguments"": {""location"": ""Cairo""}}",get_weather,"{""location"": ""Cairo""}",True,True,True,False,11208.1,
1,n011,give me a weather update for Lima,should_call,easy,get_weather,"{""location"": ""Lima""}","{""name"": ""get_weather"", ""arguments"": {""location"": ""Lima""}}",get_weather,"{""location"": ""Lima""}",True,True,True,False,8377.4,
2,n011,give me a weather update for Lima,should_call,easy,get_weather,"{""location"": ""Lima""}","{""name"": ""get_weather"", ""arguments"": {""location"": ""Lima""}}",get_weather,"{""location"": ""Lima""}",True,True,True,False,8105.0,
3,n011,give me a weather update for Lima,should_call,easy,get_weather,"{""location"": ""Lima""}","{""name"": ""get_weather"", ""arguments"": {""location"": ""Lima""}}",get_weather,"{""location"": ""Lima""}",True,True,True,False,9347.6,
4,n011,give me a weather update for Lima,should_call,easy,get_weather,"{""location"": ""Lima""}","{""name"": ""get_weather"", ""arguments"": {""location"": ""Lima""}}",get_weather,"{""location"": ""Lima""}",True,True,True,False,9446.1,
5,n011,give me a weather update for Lima,should_call,easy,get_weather,"{""location"": ""Lima""}","{""name"": ""get_weather"", ""arguments"": {""location"": ""Lima""}}",get_weather,"{""location"": ""Lima""}",True,True,True,False,8303.5,
6,n011,give me a weather update for Lima,should_call,easy,get_weather,"{""location"": ""Lima""}","{""name"": ""get_weather"", ""arguments"": {""location"": ""Lima""}}",get_weather,"{""location"": ""Lima""}",True,True,True,False,9080.6,
7,n011,give me a weather update for Lima,should_call,easy,get_weather,"{""location"": ""Lima""}","{""name"": ""get_weather"", ""arguments"": {""location"": ""Lima""}}",get_weather,"{""location"": ""Lima""}",True,True,True,False,10393.0,
8,n011,give me a weather update for Lima,should_call,easy,get_weather,"{""location"": ""Lima""}","{""name"": ""get_weather"", ""arguments"": {""location"": ""Lima""}}",get_weather,"{""location"": ""Lima""}",True,True,True,False,7814.2,
1,n012,should I wear a coat in Chicago today,should_call,medium,get_weather,"{""location"": ""Chicago""}","{""name"": ""get_weather"", ""arguments"": {""location"": ""Chicago""}}",get_weather,"{""location"": ""Chicago""}",True,True,True,False,10863.2,
2,n012,should I wear a coat in Chicago today,should_call,medium,get_weather,"{""location"": ""Chicago""}","{""name"": ""get_weather"", ""arguments"": {""location"": ""Chicago""}}",get_weather,"{""location"": ""Chicago""}",True,True,True,False,12591.7,
3,n012,should I wear a coat in Chicago today,should_call,medium,get_weather,"{""location"": ""Chicago""}","{""name"": ""get_weather"", ""arguments"": {""location"": ""Chicago""}}",get_weather,"{""location"": ""Chicago""}",True,True,True,False,17586.9,
4,n012,should I wear a coat in Chicago today,should_call,medium,get_weather,"{""location"": ""Chicago""}","{""name"": ""get_weather"", ""arguments"": {""location"": ""Chicago""}}",get_weather,"{""location"": ""Chicago""}",True,True,True,False,17036.1,
5,n012,should I wear a coat in Chicago today,should_call,medium,get_weather,"{""location"": ""Chicago""}","{""name"": ""get_weather"", ""arguments"": {""location"": ""Chicago""}}",get_weather,"{""location"": ""Chicago""}",True,True,True,False,33407.9,
6,n012,should I wear a coat in Chicago today,should_call,medium,get_weather,"{""location"": ""Chicago""}","{""name"": ""get_weather"", ""arguments"": {""location"": ""Chicago""}}",get_weather,"{""location"": ""Chicago""}",True,True,True,False,13004.9,
7,n012,should I wear a coat in Chicago today,should_call,medium,get_weather,"{""location"": ""Chicago""}","{""name"": ""get_weather"", ""arguments"": {""location"": ""Chicago""}}",get_weather,"{""location"": ""Chicago""}",True,True,True,False,9869.8,
8,n012,should I wear a coat in Chicago today,should_call,medium,get_weather,"{""location"": ""Chicago""}","{""name"": ""get_weather"", ""arguments"": {""location"": ""Chicago""}}",get_weather,"{""location"": ""Chicago""}",True,True,True,False,11967.9,
1,n013,is it sunny in Barcelona,should_call,medium,get_weather,"{""location"": ""Barcelona""}","{""name"": ""get_weather"", ""arguments"": {""location"": ""Barcelona""}}",get_weather,"{""location"": ""Barcelona""}",True,True,True,False,9627.2,
2,n013,is it sunny in Barcelona,should_call,medium,get_weather,"{""location"": ""Barcelona""}","{""name"": ""get_weather"", ""arguments"": {""location"": ""Barcelona""}}",get_weather,"{""location"": ""Barcelona""}",True,True,True,False,10528.0,
3,n013,is it sunny in Barcelona,should_call,medium,get_weather,"{""location"": ""Barcelona""}","{""name"": ""get_weather"", ""arguments"": {""location"": ""Barcelona""}}",get_weather,"{""location"": ""Barcelona""}",True,True,True,False,8783.5,
4,n013,is it sunny in Barcelona,should_call,medium,get_weather,"{""location"": ""Barcelona""}","{""name"": ""get_weather"", ""arguments"": {""location"": ""Barcelona""}}",get_weather,"{""location"": ""Barcelona""}",True,True,True,False,10298.6,
5,n013,is it sunny in Barcelona,should_call,medium,get_weather,"{""location"": ""Barcelona""}","{""name"": ""get_weather"", ""arguments"": {""location"": ""Barcelona""}}",get_weather,"{""location"": ""Barcelona""}",True,True,True,False,7026.5,
6,n013,is it sunny in Barcelona,should_call,medium,get_weather,"{""location"": ""Barcelona""}","{""name"": ""get_weather"", ""arguments"": {""location"": ""Barcelona""}}",get_weather,"{""location"": ""Barcelona""}",True,True,True,False,11651.8,
7,n013,is it sunny in Barcelona,should_call,medium,get_weather,"{""location"": ""Barcelona""}","{""name"": ""get_weather"", ""arguments"": {""location"": ""Barcelona""}}",get_weather,"{""location"": ""Barcelona""}",True,True,True,False,10940.0,
8,n013,is it sunny in Barcelona,should_call,medium,get_weather,"{""location"": ""Barcelona""}","{""name"": ""get_weather"", ""arguments"": {""location"": ""Barcelona""}}",get_weather,"{""location"": ""Barcelona""}",True,True,True,False,8227.4,
1,n014,will it snow in Helsinki this weekend,should_call,medium,get_weather,"{""location"": ""Helsinki""}","{""name"": ""get_weather"", ""arguments"": {""location"": ""Helsinki""}}",get_weather,"{""location"": ""Helsinki""}",True,True,True,False,12852.3,
2,n014,will it snow in Helsinki this weekend,should_call,medium,get_weather,"{""location"": ""Helsinki""}","{""name"": ""get_weather"", ""arguments"": {""location"": ""Helsinki""}}",get_weather,"{""location"": ""Helsinki""}",True,True,True,False,9874.7,
3,n014,will it snow in Helsinki this weekend,should_call,medium,get_weather,"{""location"": ""Helsinki""}","{""name"": ""get_weather"", ""arguments"": {""location"": ""Helsinki""}}",get_weather,"{""location"": ""Helsinki""}",True,True,True,False,8847.8,
4,n014,will it snow in Helsinki this weekend,should_call,medium,get_weather,"{""location"": ""Helsinki""}","{""name"": ""get_weather"", ""arguments"": {""location"": ""Helsinki""}}",get_weather,"{""location"": ""Helsinki""}",True,True,True,False,9366.1,
5,n014,will it snow in Helsinki this weekend,should_call,medium,get_weather,"{""location"": ""Helsinki""}","{""name"": ""get_weather"", ""arguments"": {""location"": ""Helsinki""}}",get_weather,"{""location"": ""Helsinki""}",True,True,True,False,10113.5,
6,n014,will it snow in Helsinki this weekend,should_call,medium,get_weather,"{""location"": ""Helsinki""}","{""name"": ""get_weather"", ""arguments"": {""location"": ""Helsinki""}}",get_weather,"{""location"": ""Helsinki""}",True,True,True,False,10142.6,
7,n014,will it snow in Helsinki this weekend,should_call,medium,get_weather,"{""location"": ""Helsinki""}","{""name"": ""get_weather"", ""arguments"": {""location"": ""Helsinki""}}",get_weather,"{""location"": ""Helsinki""}",True,True,True,False,7671.6,
8,n014,will it snow in Helsinki this weekend,should_call,medium,get_weather,"{""location"": ""Helsinki""}","{""name"": ""get_weather"", ""arguments"": {""location"": ""Helsinki""}}",get_weather,"{""location"": ""Helsinki""}",True,True,True,False,8735.9,
1,n015,"packing for a trip to Bangkok, what's it like there",should_call,medium,get_weather,"{""location"": ""Bangkok""}","{""name"": ""get_weather"", ""arguments"": {""location"": ""Bangkok""}}",get_weather,"{""location"": ""Bangkok""}",True,True,True,False,10097.0,
2,n015,"packing for a trip to Bangkok, what's it like there",should_call,medium,get_weather,"{""location"": ""Bangkok""}",The tools provided don't include a function to provide packing information or weather data. I can't assist with that request.,,,False,False,True,False,11921.4,
3,n015,"packing for a trip to Bangkok, what's it like there",should_call,medium,get_weather,"{""location"": ""Bangkok""}","{""name"": ""get_weather"", ""arguments"": {""location"": ""Bangkok""}}",get_weather,"{""location"": ""Bangkok""}",True,True,True,False,13005.5,
4,n015,"packing for a trip to Bangkok, what's it like there",should_call,medium,get_weather,"{""location"": ""Bangkok""}",I don't have access to tools that provide packing advice. Let me know if you need help with anything else!,,,False,False,True,False,19099.1,
5,n015,"packing for a trip to Bangkok, what's it like there",should_call,medium,get_weather,"{""location"": ""Bangkok""}","{""name"": ""get_weather"", ""arguments"": {""location"": ""Bangkok""}}",get_weather,"{""location"": ""Bangkok""}",True,True,True,False,8212.3,
6,n015,"packing for a trip to Bangkok, what's it like there",should_call,medium,get_weather,"{""location"": ""Bangkok""}","{""name"": ""get_weather"", ""arguments"": {""location"": ""Bangkok""}}",get_weather,"{""location"": ""Bangkok""}",True,True,True,False,9493.1,
7,n015,"packing for a trip to Bangkok, what's it like there",should_call,medium,get_weather,"{""location"": ""Bangkok""}","{""name"": ""get_weather"", ""arguments"": {""location"": ""Bangkok""}}",get_weather,"{""location"": ""Bangkok""}",True,True,True,False,11624.5,
8,n015,"packing for a trip to Bangkok, what's it like there",should_call,medium,get_weather,"{""location"": ""Bangkok""}","The tools provided don't include a function to provide packing list information. However, I can confirm that Bangkok is a tropical city known for its warm weather. For packing, consider items like sunscreen, comfortable clothing, and a small travel kit. Let me know if you need further details!",,,False,False,True,False,19924.3,
1,n016,is it cold in Reykjavik right now,should_call,medium,get_weather,"{""location"": ""Reykjavik""}","{""name"": ""get_weather"", ""arguments"": {""location"": ""Reykjavik""}}",get_weather,"{""location"": ""Reykjavik""}",True,True,True,False,16172.5,
2,n016,is it cold in Reykjavik right now,should_call,medium,get_weather,"{""location"": ""Reykjavik""}","{""name"": ""get_weather"", ""arguments"": {""location"": ""Reykjavik""}}",get_weather,"{""location"": ""Reykjavik""}",True,True,True,False,11798.9,
3,n016,is it cold in Reykjavik right now,should_call,medium,get_weather,"{""location"": ""Reykjavik""}","{""name"": ""get_weather"", ""arguments"": {""location"": ""Reykjavik""}}",get_weather,"{""location"": ""Reykjavik""}",True,True,True,False,10505.4,
4,n016,is it cold in Reykjavik right now,should_call,medium,get_weather,"{""location"": ""Reykjavik""}","{""name"": ""get_weather"", ""arguments"": {""location"": ""Reykjavik""}}",get_weather,"{""location"": ""Reykjavik""}",True,True,True,False,10779.4,
5,n016,is it cold in Reykjavik right now,should_call,medium,get_weather,"{""location"": ""Reykjavik""}","{""name"": ""get_weather"", ""arguments"": {""location"": ""Reykjavik""}}",get_weather,"{""location"": ""Reykjavik""}",True,True,True,False,10745.9,
6,n016,is it cold in Reykjavik right now,should_call,medium,get_weather,"{""location"": ""Reykjavik""}","{""name"": ""get_weather"", ""arguments"": {""location"": ""Reykjavik""}}",get_weather,"{""location"": ""Reykjavik""}",True,True,True,False,10636.2,
7,n016,is it cold in Reykjavik right now,should_call,medium,get_weather,"{""location"": ""Reykjavik""}","{""name"": ""get_weather"", ""arguments"": {""location"": ""Reykjavik""}}",get_weather,"{""location"": ""Reykjavik""}",True,True,True,False,9283.9,
8,n016,is it cold in Reykjavik right now,should_call,medium,get_weather,"{""location"": ""Reykjavik""}","{""name"": ""get_weather"", ""arguments"": {""location"": ""Reykjavik""}}",get_weather,"{""location"": ""Reykjavik""}",True,True,True,False,10542.4,
1,n017,"heading out in Nairobi, need to know the weather",should_call,medium,get_weather,"{""location"": ""Nairobi""}","{""name"": ""get_weather"", ""arguments"": {""location"": ""Nairobi""}}",get_weather,"{""location"": ""Nairobi""}",True,True,True,False,9452.5,
2,n017,"heading out in Nairobi, need to know the weather",should_call,medium,get_weather,"{""location"": ""Nairobi""}","{""name"": ""get_weather"", ""arguments"": {""location"": ""Nairobi""}}",get_weather,"{""location"": ""Nairobi""}",True,True,True,False,7490.9,
3,n017,"heading out in Nairobi, need to know the weather",should_call,medium,get_weather,"{""location"": ""Nairobi""}","{""name"": ""get_weather"", ""arguments"": {""location"": ""Nairobi""}}",get_weather,"{""location"": ""Nairobi""}",True,True,True,False,9243.7,
4,n017,"heading out in Nairobi, need to know the weather",should_call,medium,get_weather,"{""location"": ""Nairobi""}","{""name"": ""get_weather"", ""arguments"": {""location"": ""Nairobi""}}",get_weather,"{""location"": ""Nairobi""}",True,True,True,False,8631.6,
5,n017,"heading out in Nairobi, need to know the weather",should_call,medium,get_weather,"{""location"": ""Nairobi""}","{""name"": ""get_weather"", ""arguments"": {""location"": ""Nairobi""}}",get_weather,"{""location"": ""Nairobi""}",True,True,True,False,10994.1,
6,n017,"heading out in Nairobi, need to know the weather",should_call,medium,get_weather,"{""location"": ""Nairobi""}","{""name"": ""get_weather"", ""arguments"": {""location"": ""Nairobi""}}",get_weather,"{""location"": ""Nairobi""}",True,True,True,False,8190.2,
7,n017,"heading out in Nairobi, need to know the weather",should_call,medium,get_weather,"{""location"": ""Nairobi""}","{""name"": ""get_weather"", ""arguments"": {""location"": ""Nairobi""}}",get_weather,"{""location"": ""Nairobi""}",True,True,True,False,9469.5,
8,n017,"heading out in Nairobi, need to know the weather",should_call,medium,get_weather,"{""location"": ""Nairobi""}","{""name"": ""get_weather"", ""arguments"": {""location"": ""Nairobi""}}",get_weather,"{""location"": ""Nairobi""}",True,True,True,False,9442.4,
1,n018,how hot is it in Phoenix today,should_call,medium,get_weather,"{""location"": ""Phoenix""}","{""name"": ""get_weather"", ""arguments"": {""location"": ""Phoenix""}}",get_weather,"{""location"": ""Phoenix""}",True,True,True,False,9524.0,
2,n018,how hot is it in Phoenix today,should_call,medium,get_weather,"{""location"": ""Phoenix""}","{""name"": ""get_weather"", ""arguments"": {""location"": ""Phoenix""}}",get_weather,"{""location"": ""Phoenix""}",True,True,True,False,8986.4,
3,n018,how hot is it in Phoenix today,should_call,medium,get_weather,"{""location"": ""Phoenix""}","{""name"": ""get_weather"", ""arguments"": {""location"": ""Phoenix""}}",get_weather,"{""location"": ""Phoenix""}",True,True,True,False,8625.7,
4,n018,how hot is it in Phoenix today,should_call,medium,get_weather,"{""location"": ""Phoenix""}","{""name"": ""get_weather"", ""arguments"": {""location"": ""Phoenix""}}",get_weather,"{""location"": ""Phoenix""}",True,True,True,False,9679.9,
5,n018,how hot is it in Phoenix today,should_call,medium,get_weather,"{""location"": ""Phoenix""}","{""name"": ""get_weather"", ""arguments"": {""location"": ""Phoenix""}}",get_weather,"{""location"": ""Phoenix""}",True,True,True,False,8773.4,
6,n018,how hot is it in Phoenix today,should_call,medium,get_weather,"{""location"": ""Phoenix""}","{""name"": ""get_weather"", ""arguments"": {""location"": ""Phoenix""}}",get_weather,"{""location"": ""Phoenix""}",True,True,True,False,8871.8,
7,n018,how hot is it in Phoenix today,should_call,medium,get_weather,"{""location"": ""Phoenix""}","{""name"": ""get_weather"", ""arguments"": {""location"": ""Phoenix""}}",get_weather,"{""location"": ""Phoenix""}",True,True,True,False,11228.7,
8,n018,how hot is it in Phoenix today,should_call,medium,get_weather,"{""location"": ""Phoenix""}","{""name"": ""get_weather"", ""arguments"": {""location"": ""Phoenix""}}",get_weather,"{""location"": ""Phoenix""}",True,True,True,False,7950.8,
1,n019,I'm comparing Paris and Rome for my trip but right now just tell me the weather in Rome,should_call,hard,get_weather,"{""location"": ""Rome""}","{""name"": ""get_weather"", ""arguments"": {""location"": ""Rome""}}",get_weather,"{""location"": ""Rome""}",True,True,True,False,8443.8,
2,n019,I'm comparing Paris and Rome for my trip but right now just tell me the weather in Rome,should_call,hard,get_weather,"{""location"": ""Rome""}","{""name"": ""get_weather"", ""arguments"": {""location"": ""Rome""}}",get_weather,"{""location"": ""Rome""}",True,True,True,False,8688.3,
3,n019,I'm comparing Paris and Rome for my trip but right now just tell me the weather in Rome,should_call,hard,get_weather,"{""location"": ""Rome""}","{""name"": ""get_weather"", ""arguments"": {""location"": ""Rome""}}",get_weather,"{""location"": ""Rome""}",True,True,True,False,9400.8,
4,n019,I'm comparing Paris and Rome for my trip but right now just tell me the weather in Rome,should_call,hard,get_weather,"{""location"": ""Rome""}","{""name"": ""get_weather"", ""arguments"": {""location"": ""Rome""}}",get_weather,"{""location"": ""Rome""}",True,True,True,False,12071.9,
5,n019,I'm comparing Paris and Rome for my trip but right now just tell me the weather in Rome,should_call,hard,get_weather,"{""location"": ""Rome""}","{""name"": ""get_weather"", ""arguments"": {""location"": ""Rome""}}",get_weather,"{""location"": ""Rome""}",True,True,True,False,9494.6,
6,n019,I'm comparing Paris and Rome for my trip but right now just tell me the weather in Rome,should_call,hard,get_weather,"{""location"": ""Rome""}","{""name"": ""get_weather"", ""arguments"": {""location"": ""Rome""}}",get_weather,"{""location"": ""Rome""}",True,True,True,False,8960.0,
7,n019,I'm comparing Paris and Rome for my trip but right now just tell me the weather in Rome,should_call,hard,get_weather,"{""location"": ""Rome""}","{""name"": ""get_weather"", ""arguments"": {""location"": ""Rome""}}",get_weather,"{""location"": ""Rome""}",True,True,True,False,9052.5,
8,n019,I'm comparing Paris and Rome for my trip but right now just tell me the weather in Rome,should_call,hard,get_weather,"{""location"": ""Rome""}","{""name"": ""get_weather"", ""arguments"": {""location"": ""Rome""}}",get_weather,"{""location"": ""Rome""}",True,True,True,False,9965.0,
1,n020,"not sure if I should bike to work in Seattle, my cousin says it's nice in Miami but what's it doing in Seattle",should_call,hard,get_weather,"{""location"": ""Seattle""}","You're making a choice based on your own factors. Seattle is a good option for commuting as it's eco-friendly and offers a pleasant climate. Consider factors like your schedule, personal preferences, and the environment you want to impact. Let me know if you need help with any specific details!",,,False,False,True,False,14009.5,
2,n020,"not sure if I should bike to work in Seattle, my cousin says it's nice in Miami but what's it doing in Seattle",should_call,hard,get_weather,"{""location"": ""Seattle""}","{""name"": ""get_weather"", ""arguments"": {""location"": ""Seattle""}}",get_weather,"{""location"": ""Seattle""}",True,True,True,False,18006.6,
3,n020,"not sure if I should bike to work in Seattle, my cousin says it's nice in Miami but what's it doing in Seattle",should_call,hard,get_weather,"{""location"": ""Seattle""}","The user's question is about transportation and weather, but there's no tool required to answer this. I can't use the provided functions to make recommendations. 

I will respond directly to the user's query without calling any tools. 

Answer: It's best to bike to work in Seattle as it's a convenient and eco-friendly option.",,,False,False,True,False,13093.4,
4,n020,"not sure if I should bike to work in Seattle, my cousin says it's nice in Miami but what's it doing in Seattle",should_call,hard,get_weather,"{""location"": ""Seattle""}","{""name"": ""get_weather"", ""arguments"": {""location"": ""Seattle""}}",get_weather,"{""location"": ""Seattle""}",True,True,True,False,10980.7,
5,n020,"not sure if I should bike to work in Seattle, my cousin says it's nice in Miami but what's it doing in Seattle",should_call,hard,get_weather,"{""location"": ""Seattle""}",None of the provided tools can assist with making a decision on biking to work or comparing cities. Let me know if you need weather information or help with a timer!,,,False,False,True,False,13369.5,
6,n020,"not sure if I should bike to work in Seattle, my cousin says it's nice in Miami but what's it doing in Seattle",should_call,hard,get_weather,"{""location"": ""Seattle""}",The information you need is not provided by any of the available tools. Let me know if you'd like to check the weather in Seattle or need help with anything else!,,,False,False,True,False,11600.4,
7,n020,"not sure if I should bike to work in Seattle, my cousin says it's nice in Miami but what's it doing in Seattle",should_call,hard,get_weather,"{""location"": ""Seattle""}",The tools provided don't include any functions to assist with travel plans or city-related inquiries. Let me know if you need help with anything else!,,,False,False,True,False,10993.0,
8,n020,"not sure if I should bike to work in Seattle, my cousin says it's nice in Miami but what's it doing in Seattle",should_call,hard,get_weather,"{""location"": ""Seattle""}",No tool is needed for this request.,,,False,False,True,False,10166.7,
1,n021,pull up Priya in my contacts,should_call,easy,search_contacts,"{""query"": ""Priya""}","{""name"": ""search_contacts"", ""arguments"": {""query"": ""Priya""}}",search_contacts,"{""query"": ""Priya""}",True,True,True,False,8599.9,
2,n021,pull up Priya in my contacts,should_call,easy,search_contacts,"{""query"": ""Priya""}","{""name"": ""search_contacts"", ""arguments"": {""query"": ""Priya""}}",search_contacts,"{""query"": ""Priya""}",True,True,True,False,10887.3,
3,n021,pull up Priya in my contacts,should_call,easy,search_contacts,"{""query"": ""Priya""}","{""name"": ""search_contacts"", ""arguments"": {""query"": ""Priya""}}",search_contacts,"{""query"": ""Priya""}",True,True,True,False,9864.7,
4,n021,pull up Priya in my contacts,should_call,easy,search_contacts,"{""query"": ""Priya""}","{""name"": ""search_contacts"", ""arguments"": {""query"": ""Priya""}}",search_contacts,"{""query"": ""Priya""}",True,True,True,False,13934.6,
5,n021,pull up Priya in my contacts,should_call,easy,search_contacts,"{""query"": ""Priya""}","{""name"": ""search_contacts"", ""arguments"": {""query"": ""Priya""}}",search_contacts,"{""query"": ""Priya""}",True,True,True,False,14155.6,
6,n021,pull up Priya in my contacts,should_call,easy,search_contacts,"{""query"": ""Priya""}","{""name"": ""search_contacts"", ""arguments"": {""query"": ""Priya""}}",search_contacts,"{""query"": ""Priya""}",True,True,True,False,11731.8,
7,n021,pull up Priya in my contacts,should_call,easy,search_contacts,"{""query"": ""Priya""}","{""name"": ""search_contacts"", ""arguments"": {""query"": ""Priya""}}",search_contacts,"{""query"": ""Priya""}",True,True,True,False,11495.1,
8,n021,pull up Priya in my contacts,should_call,easy,search_contacts,"{""query"": ""Priya""}","{""name"": ""search_contacts"", ""arguments"": {""query"": ""Priya""}}",search_contacts,"{""query"": ""Priya""}",True,True,True,False,10343.9,
1,n022,look for Wei in my address book,should_call,easy,search_contacts,"{""query"": ""Wei""}","{""name"": ""search_contacts"", ""arguments"": {""query"": ""Wei""}}",search_contacts,"{""query"": ""Wei""}",True,True,True,False,11972.8,
2,n022,look for Wei in my address book,should_call,easy,search_contacts,"{""query"": ""Wei""}","{""name"": ""search_contacts"", ""arguments"": {""query"": ""Wei""}}",search_contacts,"{""query"": ""Wei""}",True,True,True,False,8061.3,
3,n022,look for Wei in my address book,should_call,easy,search_contacts,"{""query"": ""Wei""}","{""name"": ""search_contacts"", ""arguments"": {""query"": ""Wei""}}",search_contacts,"{""query"": ""Wei""}",True,True,True,False,6711.8,
4,n022,look for Wei in my address book,should_call,easy,search_contacts,"{""query"": ""Wei""}","{""name"": ""search_contacts"", ""arguments"": {""query"": ""Wei""}}",search_contacts,"{""query"": ""Wei""}",True,True,True,False,8864.7,
5,n022,look for Wei in my address book,should_call,easy,search_contacts,"{""query"": ""Wei""}","{""name"": ""search_contacts"", ""arguments"": {""query"": ""Wei""}}",search_contacts,"{""query"": ""Wei""}",True,True,True,False,7813.9,
6,n022,look for Wei in my address book,should_call,easy,search_contacts,"{""query"": ""Wei""}","{""name"": ""search_contacts"", ""arguments"": {""query"": ""Wei""}}",search_contacts,"{""query"": ""Wei""}",True,True,True,False,8707.3,
7,n022,look for Wei in my address book,should_call,easy,search_contacts,"{""query"": ""Wei""}","{""name"": ""search_contacts"", ""arguments"": {""query"": ""Wei""}}",search_contacts,"{""query"": ""Wei""}",True,True,True,False,7895.9,
8,n022,look for Wei in my address book,should_call,easy,search_contacts,"{""query"": ""Wei""}","{""name"": ""search_contacts"", ""arguments"": {""query"": ""Wei""}}",search_contacts,"{""query"": ""Wei""}",True,True,True,False,9350.2,
1,n023,find Fatima in contacts,should_call,easy,search_contacts,"{""query"": ""Fatima""}","{""name"": ""search_contacts"", ""arguments"": {""query"": ""Fatima""}}",search_contacts,"{""query"": ""Fatima""}",True,True,True,False,8121.6,
2,n023,find Fatima in contacts,should_call,easy,search_contacts,"{""query"": ""Fatima""}","{""name"": ""search_contacts"", ""arguments"": {""query"": ""Fatima""}}",search_contacts,"{""query"": ""Fatima""}",True,True,True,False,10138.3,
3,n023,find Fatima in contacts,should_call,easy,search_contacts,"{""query"": ""Fatima""}","{""name"": ""search_contacts"", ""arguments"": {""query"": ""Fatima""}}",search_contacts,"{""query"": ""Fatima""}",True,True,True,False,10281.3,
4,n023,find Fatima in contacts,should_call,easy,search_contacts,"{""query"": ""Fatima""}","{""name"": ""search_contacts"", ""arguments"": {""query"": ""Fatima""}}",search_contacts,"{""query"": ""Fatima""}",True,True,True,False,8741.1,
5,n023,find Fatima in contacts,should_call,easy,search_contacts,"{""query"": ""Fatima""}","{""name"": ""search_contacts"", ""arguments"": {""query"": ""Fatima""}}",search_contacts,"{""query"": ""Fatima""}",True,True,True,False,10260.2,
6,n023,find Fatima in contacts,should_call,easy,search_contacts,"{""query"": ""Fatima""}","{""name"": ""search_contacts"", ""arguments"": {""query"": ""Fatima""}}",search_contacts,"{""query"": ""Fatima""}",True,True,True,False,15974.5,
7,n023,find Fatima in contacts,should_call,easy,search_contacts,"{""query"": ""Fatima""}","{""name"": ""search_contacts"", ""arguments"": {""query"": ""Fatima""}}",search_contacts,"{""query"": ""Fatima""}",True,True,True,False,16059.0,
8,n023,find Fatima in contacts,should_call,easy,search_contacts,"{""query"": ""Fatima""}","{""name"": ""search_contacts"", ""arguments"": {""query"": ""Fatima""}}",search_contacts,"{""query"": ""Fatima""}",True,True,True,False,11482.2,
1,n024,search my contacts for Noah,should_call,easy,search_contacts,"{""query"": ""Noah""}","{""name"": ""search_contacts"", ""arguments"": {""query"": ""Noah""}}",search_contacts,"{""query"": ""Noah""}",True,True,True,False,12538.1,
2,n024,search my contacts for Noah,should_call,easy,search_contacts,"{""query"": ""Noah""}","{""name"": ""search_contacts"", ""arguments"": {""query"": ""Noah""}}",search_contacts,"{""query"": ""Noah""}",True,True,True,False,13353.3,
3,n024,search my contacts for Noah,should_call,easy,search_contacts,"{""query"": ""Noah""}","{""name"": ""search_contacts"", ""arguments"": {""query"": ""Noah""}}",search_contacts,"{""query"": ""Noah""}",True,True,True,False,11330.2,
4,n024,search my contacts for Noah,should_call,easy,search_contacts,"{""query"": ""Noah""}","{""name"": ""search_contacts"", ""arguments"": {""query"": ""Noah""}}",search_contacts,"{""query"": ""Noah""}",True,True,True,False,14058.9,
5,n024,search my contacts for Noah,should_call,easy,search_contacts,"{""query"": ""Noah""}","{""name"": ""search_contacts"", ""arguments"": {""query"": ""Noah""}}",search_contacts,"{""query"": ""Noah""}",True,True,True,False,10192.5,
6,n024,search my contacts for Noah,should_call,easy,search_contacts,"{""query"": ""Noah""}","{""name"": ""search_contacts"", ""arguments"": {""query"": ""Noah""}}",search_contacts,"{""query"": ""Noah""}",True,True,True,False,12109.7,
7,n024,search my contacts for Noah,should_call,easy,search_contacts,"{""query"": ""Noah""}","{""name"": ""search_contacts"", ""arguments"": {""query"": ""Noah""}}",search_contacts,"{""query"": ""Noah""}",True,True,True,False,11623.8,
8,n024,search my contacts for Noah,should_call,easy,search_contacts,"{""query"": ""Noah""}","{""name"": ""search_contacts"", ""arguments"": {""query"": ""Noah""}}",search_contacts,"{""query"": ""Noah""}",True,True,True,False,12034.1,
1,n025,do I have a contact named Elena,should_call,easy,search_contacts,"{""query"": ""Elena""}","{""name"": ""search_contacts"", ""arguments"": {""query"": ""Elena""}}",search_contacts,"{""query"": ""Elena""}",True,True,True,False,15924.8,
2,n025,do I have a contact named Elena,should_call,easy,search_contacts,"{""query"": ""Elena""}","{""name"": ""search_contacts"", ""arguments"": {""query"": ""Elena""}}",search_contacts,"{""query"": ""Elena""}",True,True,True,False,13719.6,
3,n025,do I have a contact named Elena,should_call,easy,search_contacts,"{""query"": ""Elena""}","{""name"": ""search_contacts"", ""arguments"": {""query"": ""Elena""}}",search_contacts,"{""query"": ""Elena""}",True,True,True,False,11956.6,
4,n025,do I have a contact named Elena,should_call,easy,search_contacts,"{""query"": ""Elena""}","{""name"": ""search_contacts"", ""arguments"": {""query"": ""Elena""}}",search_contacts,"{""query"": ""Elena""}",True,True,True,False,12283.0,
5,n025,do I have a contact named Elena,should_call,easy,search_contacts,"{""query"": ""Elena""}","{""name"": ""search_contacts"", ""arguments"": {""query"": ""Elena""}}",search_contacts,"{""query"": ""Elena""}",True,True,True,False,10921.2,
6,n025,do I have a contact named Elena,should_call,easy,search_contacts,"{""query"": ""Elena""}","{""name"": ""search_contacts"", ""arguments"": {""query"": ""Elena""}}",search_contacts,"{""query"": ""Elena""}",True,True,True,False,10779.5,
7,n025,do I have a contact named Elena,should_call,easy,search_contacts,"{""query"": ""Elena""}","{""name"": ""search_contacts"", ""arguments"": {""query"": ""Elena""}}",search_contacts,"{""query"": ""Elena""}",True,True,True,False,14252.6,
8,n025,do I have a contact named Elena,should_call,easy,search_contacts,"{""query"": ""Elena""}","{""name"": ""search_contacts"", ""arguments"": {""query"": ""Elena""}}",search_contacts,"{""query"": ""Elena""}",True,True,True,False,10920.9,
1,n026,check contacts for Hiro,should_call,easy,search_contacts,"{""query"": ""Hiro""}","{""name"": ""search_contacts"", ""arguments"": {""query"": ""Hiro""}}",search_contacts,"{""query"": ""Hiro""}",True,True,True,False,12267.6,
2,n026,check contacts for Hiro,should_call,easy,search_contacts,"{""query"": ""Hiro""}","{""name"": ""search_contacts"", ""arguments"": {""query"": ""Hiro""}}",search_contacts,"{""query"": ""Hiro""}",True,True,True,False,10180.4,
3,n026,check contacts for Hiro,should_call,easy,search_contacts,"{""query"": ""Hiro""}","{""name"": ""search_contacts"", ""arguments"": {""query"": ""Hiro""}}",search_contacts,"{""query"": ""Hiro""}",True,True,True,False,17021.0,
4,n026,check contacts for Hiro,should_call,easy,search_contacts,"{""query"": ""Hiro""}","{""name"": ""search_contacts"", ""arguments"": {""query"": ""Hiro""}}",search_contacts,"{""query"": ""Hiro""}",True,True,True,False,11251.4,
5,n026,check contacts for Hiro,should_call,easy,search_contacts,"{""query"": ""Hiro""}","{""name"": ""search_contacts"", ""arguments"": {""query"": ""Hiro""}}",search_contacts,"{""query"": ""Hiro""}",True,True,True,False,10529.5,
6,n026,check contacts for Hiro,should_call,easy,search_contacts,"{""query"": ""Hiro""}","{""name"": ""search_contacts"", ""arguments"": {""query"": ""Hiro""}}",search_contacts,"{""query"": ""Hiro""}",True,True,True,False,10287.4,
7,n026,check contacts for Hiro,should_call,easy,search_contacts,"{""query"": ""Hiro""}","{""name"": ""search_contacts"", ""arguments"": {""query"": ""Hiro""}}",search_contacts,"{""query"": ""Hiro""}",True,True,True,False,9798.4,
8,n026,check contacts for Hiro,should_call,easy,search_contacts,"{""query"": ""Hiro""}","{""name"": ""search_contacts"", ""arguments"": {""query"": ""Hiro""}}",search_contacts,"{""query"": ""Hiro""}",True,True,True,False,12209.7,
1,n027,look up Zainab please,should_call,easy,search_contacts,"{""query"": ""Zainab""}","{""name"": ""search_contacts"", ""arguments"": {""query"": ""Zainab""}}",search_contacts,"{""query"": ""Zainab""}",True,True,True,False,11573.7,
2,n027,look up Zainab please,should_call,easy,search_contacts,"{""query"": ""Zainab""}","{""name"": ""search_contacts"", ""arguments"": {""query"": ""Zainab""}}",search_contacts,"{""query"": ""Zainab""}",True,True,True,False,12919.4,
3,n027,look up Zainab please,should_call,easy,search_contacts,"{""query"": ""Zainab""}",The provided tools do not include a function for looking up individual information like Zainab. Let me know if you need help with other tasks!,,,False,False,True,False,13491.3,
4,n027,look up Zainab please,should_call,easy,search_contacts,"{""query"": ""Zainab""}","{""name"": ""search_contacts"", ""arguments"": {""query"": ""Zainab""}}",search_contacts,"{""query"": ""Zainab""}",True,True,True,False,10210.2,
5,n027,look up Zainab please,should_call,easy,search_contacts,"{""query"": ""Zainab""}","{""name"": ""search_contacts"", ""arguments"": {""query"": ""Zainab""}}",search_contacts,"{""query"": ""Zainab""}",True,True,True,False,9038.4,
6,n027,look up Zainab please,should_call,easy,search_contacts,"{""query"": ""Zainab""}","{""name"": ""search_contacts"", ""arguments"": {""query"": ""Zainab""}}",search_contacts,"{""query"": ""Zainab""}",True,True,True,False,10761.4,
7,n027,look up Zainab please,should_call,easy,search_contacts,"{""query"": ""Zainab""}","{""name"": ""search_contacts"", ""arguments"": {""query"": ""Zainab""}}",search_contacts,"{""query"": ""Zainab""}",True,True,True,False,11337.8,
8,n027,look up Zainab please,should_call,easy,search_contacts,"{""query"": ""Zainab""}","{""name"": ""search_contacts"", ""arguments"": {""query"": ""Zainab""}}",search_contacts,"{""query"": ""Zainab""}",True,True,True,False,8698.1,
1,n028,find someone named Carlos in my phone,should_call,easy,search_contacts,"{""query"": ""Carlos""}","{""name"": ""search_contacts"", ""arguments"": {""query"": ""Carlos""}}",search_contacts,"{""query"": ""Carlos""}",True,True,True,False,10060.8,
2,n028,find someone named Carlos in my phone,should_call,easy,search_contacts,"{""query"": ""Carlos""}","{""name"": ""search_contacts"", ""arguments"": {""query"": ""Carlos""}}",search_contacts,"{""query"": ""Carlos""}",True,True,True,False,10786.1,
3,n028,find someone named Carlos in my phone,should_call,easy,search_contacts,"{""query"": ""Carlos""}","{""name"": ""search_contacts"", ""arguments"": {""query"": ""Carlos""}}",search_contacts,"{""query"": ""Carlos""}",True,True,True,False,10597.1,
4,n028,find someone named Carlos in my phone,should_call,easy,search_contacts,"{""query"": ""Carlos""}","{""name"": ""search_contacts"", ""arguments"": {""query"": ""Carlos""}}",search_contacts,"{""query"": ""Carlos""}",True,True,True,False,11377.0,
5,n028,find someone named Carlos in my phone,should_call,easy,search_contacts,"{""query"": ""Carlos""}","{""name"": ""search_contacts"", ""arguments"": {""query"": ""Carlos""}}",search_contacts,"{""query"": ""Carlos""}",True,True,True,False,10638.8,
6,n028,find someone named Carlos in my phone,should_call,easy,search_contacts,"{""query"": ""Carlos""}","{""name"": ""search_contacts"", ""arguments"": {""query"": ""Carlos""}}",search_contacts,"{""query"": ""Carlos""}",True,True,True,False,9312.2,
7,n028,find someone named Carlos in my phone,should_call,easy,search_contacts,"{""query"": ""Carlos""}","{""name"": ""search_contacts"", ""arguments"": {""query"": ""Carlos""}}",search_contacts,"{""query"": ""Carlos""}",True,True,True,False,10035.4,
8,n028,find someone named Carlos in my phone,should_call,easy,search_contacts,"{""query"": ""Carlos""}","{""name"": ""search_contacts"", ""arguments"": {""query"": ""Carlos""}}",search_contacts,"{""query"": ""Carlos""}",True,True,True,False,12423.5,
1,n029,search for Aisha in contacts,should_call,easy,search_contacts,"{""query"": ""Aisha""}","{""name"": ""search_contacts"", ""arguments"": {""query"": ""Aisha""}}",search_contacts,"{""query"": ""Aisha""}",True,True,True,False,10817.7,
2,n029,search for Aisha in contacts,should_call,easy,search_contacts,"{""query"": ""Aisha""}","{""name"": ""search_contacts"", ""arguments"": {""query"": ""Aisha""}}",search_contacts,"{""query"": ""Aisha""}",True,True,True,False,10247.1,
3,n029,search for Aisha in contacts,should_call,easy,search_contacts,"{""query"": ""Aisha""}","{""name"": ""search_contacts"", ""arguments"": {""query"": ""Aisha""}}",search_contacts,"{""query"": ""Aisha""}",True,True,True,False,7914.4,
4,n029,search for Aisha in contacts,should_call,easy,search_contacts,"{""query"": ""Aisha""}","{""name"": ""search_contacts"", ""arguments"": {""query"": ""Aisha""}}",search_contacts,"{""query"": ""Aisha""}",True,True,True,False,8761.5,
5,n029,search for Aisha in contacts,should_call,easy,search_contacts,"{""query"": ""Aisha""}","{""name"": ""search_contacts"", ""arguments"": {""query"": ""Aisha""}}",search_contacts,"{""query"": ""Aisha""}",True,True,True,False,8979.0,
6,n029,search for Aisha in contacts,should_call,easy,search_contacts,"{""query"": ""Aisha""}","{""name"": ""search_contacts"", ""arguments"": {""query"": ""Aisha""}}",search_contacts,"{""query"": ""Aisha""}",True,True,True,False,14097.1,
7,n029,search for Aisha in contacts,should_call,easy,search_contacts,"{""query"": ""Aisha""}","{""name"": ""search_contacts"", ""arguments"": {""query"": ""Aisha""}}",search_contacts,"{""query"": ""Aisha""}",True,True,True,False,11077.5,
8,n029,search for Aisha in contacts,should_call,easy,search_contacts,"{""query"": ""Aisha""}","{""name"": ""search_contacts"", ""arguments"": {""query"": ""Aisha""}}",search_contacts,"{""query"": ""Aisha""}",True,True,True,False,9695.8,
1,n030,who is Mateo in my contacts,should_call,easy,search_contacts,"{""query"": ""Mateo""}","{""name"": ""search_contacts"", ""arguments"": {""query"": ""Mateo""}}",search_contacts,"{""query"": ""Mateo""}",True,True,True,False,10330.9,
2,n030,who is Mateo in my contacts,should_call,easy,search_contacts,"{""query"": ""Mateo""}","{""name"": ""search_contacts"", ""arguments"": {""query"": ""Mateo""}}",search_contacts,"{""query"": ""Mateo""}",True,True,True,False,11229.4,
3,n030,who is Mateo in my contacts,should_call,easy,search_contacts,"{""query"": ""Mateo""}","{""name"": ""search_contacts"", ""arguments"": {""query"": ""Mateo""}}",search_contacts,"{""query"": ""Mateo""}",True,True,True,False,10471.2,
4,n030,who is Mateo in my contacts,should_call,easy,search_contacts,"{""query"": ""Mateo""}","{""name"": ""search_contacts"", ""arguments"": {""query"": ""Mateo""}}",search_contacts,"{""query"": ""Mateo""}",True,True,True,False,12424.6,
5,n030,who is Mateo in my contacts,should_call,easy,search_contacts,"{""query"": ""Mateo""}","{""name"": ""search_contacts"", ""arguments"": {""query"": ""Mateo""}}",search_contacts,"{""query"": ""Mateo""}",True,True,True,False,11961.3,
6,n030,who is Mateo in my contacts,should_call,easy,search_contacts,"{""query"": ""Mateo""}","{""name"": ""search_contacts"", ""arguments"": {""query"": ""Mateo""}}",search_contacts,"{""query"": ""Mateo""}",True,True,True,False,10945.0,
7,n030,who is Mateo in my contacts,should_call,easy,search_contacts,"{""query"": ""Mateo""}","{""name"": ""search_contacts"", ""arguments"": {""query"": ""Mateo""}}",search_contacts,"{""query"": ""Mateo""}",True,True,True,False,10070.3,
8,n030,who is Mateo in my contacts,should_call,easy,search_contacts,"{""query"": ""Mateo""}","{""name"": ""search_contacts"", ""arguments"": {""query"": ""Mateo""}}",search_contacts,"{""query"": ""Mateo""}",True,True,True,False,8021.0,
1,n031,pull up contact info for Lucia,should_call,easy,search_contacts,"{""query"": ""Lucia""}","{""name"": ""search_contacts"", ""arguments"": {""query"": ""Lucia""}}",search_contacts,"{""query"": ""Lucia""}",True,True,True,False,7753.8,
2,n031,pull up contact info for Lucia,should_call,easy,search_contacts,"{""query"": ""Lucia""}","{""name"": ""search_contacts"", ""arguments"": {""query"": ""Lucia""}}",search_contacts,"{""query"": ""Lucia""}",True,True,True,False,6499.3,
3,n031,pull up contact info for Lucia,should_call,easy,search_contacts,"{""query"": ""Lucia""}","{""name"": ""search_contacts"", ""arguments"": {""query"": ""Lucia""}}",search_contacts,"{""query"": ""Lucia""}",True,True,True,False,6797.7,
4,n031,pull up contact info for Lucia,should_call,easy,search_contacts,"{""query"": ""Lucia""}","{""name"": ""search_contacts"", ""arguments"": {""query"": ""Lucia""}}",search_contacts,"{""query"": ""Lucia""}",True,True,True,False,7246.8,
5,n031,pull up contact info for Lucia,should_call,easy,search_contacts,"{""query"": ""Lucia""}","{""name"": ""search_contacts"", ""arguments"": {""query"": ""Lucia""}}",search_contacts,"{""query"": ""Lucia""}",True,True,True,False,6424.0,
6,n031,pull up contact info for Lucia,should_call,easy,search_contacts,"{""query"": ""Lucia""}","{""name"": ""search_contacts"", ""arguments"": {""query"": ""Lucia""}}",search_contacts,"{""query"": ""Lucia""}",True,True,True,False,6172.1,
7,n031,pull up contact info for Lucia,should_call,easy,search_contacts,"{""query"": ""Lucia""}","{""name"": ""search_contacts"", ""arguments"": {""query"": ""Lucia""}}",search_contacts,"{""query"": ""Lucia""}",True,True,True,False,6796.1,
8,n031,pull up contact info for Lucia,should_call,easy,search_contacts,"{""query"": ""Lucia""}","{""name"": ""search_contacts"", ""arguments"": {""query"": ""Lucia""}}",search_contacts,"{""query"": ""Lucia""}",True,True,True,False,6557.2,
1,n032,is there a Jordan saved in my contacts,should_call,medium,search_contacts,"{""query"": ""Jordan""}","{""name"": ""search_contacts"", ""arguments"": {""query"": ""Jordan""}}",search_contacts,"{""query"": ""Jordan""}",True,True,True,False,6547.4,
2,n032,is there a Jordan saved in my contacts,should_call,medium,search_contacts,"{""query"": ""Jordan""}","{""name"": ""search_contacts"", ""arguments"": {""query"": ""Jordan""}}",search_contacts,"{""query"": ""Jordan""}",True,True,True,False,6162.1,
3,n032,is there a Jordan saved in my contacts,should_call,medium,search_contacts,"{""query"": ""Jordan""}","{""name"": ""search_contacts"", ""arguments"": {""query"": ""Jordan""}}",search_contacts,"{""query"": ""Jordan""}",True,True,True,False,8434.9,
4,n032,is there a Jordan saved in my contacts,should_call,medium,search_contacts,"{""query"": ""Jordan""}","{""name"": ""search_contacts"", ""arguments"": {""query"": ""Jordan""}}",search_contacts,"{""query"": ""Jordan""}",True,True,True,False,7683.0,
5,n032,is there a Jordan saved in my contacts,should_call,medium,search_contacts,"{""query"": ""Jordan""}","{""name"": ""search_contacts"", ""arguments"": {""query"": ""Jordan""}}",search_contacts,"{""query"": ""Jordan""}",True,True,True,False,6453.1,
6,n032,is there a Jordan saved in my contacts,should_call,medium,search_contacts,"{""query"": ""Jordan""}","{""name"": ""search_contacts"", ""arguments"": {""query"": ""Jordan""}}",search_contacts,"{""query"": ""Jordan""}",True,True,True,False,7421.4,
7,n032,is there a Jordan saved in my contacts,should_call,medium,search_contacts,"{""query"": ""Jordan""}","{""name"": ""search_contacts"", ""arguments"": {""query"": ""Jordan""}}",search_contacts,"{""query"": ""Jordan""}",True,True,True,False,7213.0,
8,n032,is there a Jordan saved in my contacts,should_call,medium,search_contacts,"{""query"": ""Jordan""}","{""name"": ""search_contacts"", ""arguments"": {""query"": ""Jordan""}}",search_contacts,"{""query"": ""Jordan""}",True,True,True,False,7067.6,
1,n033,can you dig through my contacts for someone called Renata,should_call,medium,search_contacts,"{""query"": ""Renata""}","{""name"": ""search_contacts"", ""arguments"": {""query"": ""Renata""}}",search_contacts,"{""query"": ""Renata""}",True,True,True,False,9951.7,
2,n033,can you dig through my contacts for someone called Renata,should_call,medium,search_contacts,"{""query"": ""Renata""}","{""name"": ""search_contacts"", ""arguments"": {""query"": ""Renata""}}",search_contacts,"{""query"": ""Renata""}",True,True,True,False,8002.0,
3,n033,can you dig through my contacts for someone called Renata,should_call,medium,search_contacts,"{""query"": ""Renata""}","{""name"": ""search_contacts"", ""arguments"": {""query"": ""Renata""}}",search_contacts,"{""query"": ""Renata""}",True,True,True,False,17268.0,
4,n033,can you dig through my contacts for someone called Renata,should_call,medium,search_contacts,"{""query"": ""Renata""}","{""name"": ""search_contacts"", ""arguments"": {""query"": ""Renata""}}",search_contacts,"{""query"": ""Renata""}",True,True,True,False,8183.1,
5,n033,can you dig through my contacts for someone called Renata,should_call,medium,search_contacts,"{""query"": ""Renata""}","{""name"": ""search_contacts"", ""arguments"": {""query"": ""Renata""}}",search_contacts,"{""query"": ""Renata""}",True,True,True,False,13798.9,
6,n033,can you dig through my contacts for someone called Renata,should_call,medium,search_contacts,"{""query"": ""Renata""}","{""name"": ""search_contacts"", ""arguments"": {""query"": ""Renata""}}",search_contacts,"{""query"": ""Renata""}",True,True,True,False,10917.7,
7,n033,can you dig through my contacts for someone called Renata,should_call,medium,search_contacts,"{""query"": ""Renata""}","{""name"": ""search_contacts"", ""arguments"": {""query"": ""Renata""}}",search_contacts,"{""query"": ""Renata""}",True,True,True,False,7184.7,
8,n033,can you dig through my contacts for someone called Renata,should_call,medium,search_contacts,"{""query"": ""Renata""}","{""name"": ""search_contacts"", ""arguments"": {""query"": ""Renata""}}",search_contacts,"{""query"": ""Renata""}",True,True,True,False,9326.5,
1,n034,I'm trying to find Devon's contact card,should_call,medium,search_contacts,"{""query"": ""Devon""}","{""name"": ""search_contacts"", ""arguments"": {""query"": ""Devon""}}",search_contacts,"{""query"": ""Devon""}",True,True,True,False,7269.5,
2,n034,I'm trying to find Devon's contact card,should_call,medium,search_contacts,"{""query"": ""Devon""}","{""name"": ""search_contacts"", ""arguments"": {""query"": ""Devon""}}",search_contacts,"{""query"": ""Devon""}",True,True,True,False,6769.4,
3,n034,I'm trying to find Devon's contact card,should_call,medium,search_contacts,"{""query"": ""Devon""}","{""name"": ""search_contacts"", ""arguments"": {""query"": ""Devon""}}",search_contacts,"{""query"": ""Devon""}",True,True,True,False,6527.0,
4,n034,I'm trying to find Devon's contact card,should_call,medium,search_contacts,"{""query"": ""Devon""}","{""name"": ""search_contacts"", ""arguments"": {""query"": ""Devon""}}",search_contacts,"{""query"": ""Devon""}",True,True,True,False,15742.6,
5,n034,I'm trying to find Devon's contact card,should_call,medium,search_contacts,"{""query"": ""Devon""}","```json
{""name"": ""search_contacts"", ""arguments"": {""query"": ""Devon""}}
```",search_contacts,"{""query"": ""Devon""}",True,True,True,False,7260.9,
6,n034,I'm trying to find Devon's contact card,should_call,medium,search_contacts,"{""query"": ""Devon""}","{""name"": ""search_contacts"", ""arguments"": {""query"": ""Devon""}}",search_contacts,"{""query"": ""Devon""}",True,True,True,False,6657.1,
7,n034,I'm trying to find Devon's contact card,should_call,medium,search_contacts,"{""query"": ""Devon""}","{""name"": ""search_contacts"", ""arguments"": {""query"": ""Devon""}}",search_contacts,"{""query"": ""Devon""}",True,True,True,False,7389.1,
8,n034,I'm trying to find Devon's contact card,should_call,medium,search_contacts,"{""query"": ""Devon""}","{""name"": ""search_contacts"", ""arguments"": {""query"": ""Devon""}}",search_contacts,"{""query"": ""Devon""}",True,True,True,False,6453.6,
1,n035,check if Priyanka is in my address book,should_call,medium,search_contacts,"{""query"": ""Priyanka""}","{""name"": ""search_contacts"", ""arguments"": {""query"": ""Priyanka""}}",search_contacts,"{""query"": ""Priyanka""}",True,True,True,False,7571.4,
2,n035,check if Priyanka is in my address book,should_call,medium,search_contacts,"{""query"": ""Priyanka""}","{""name"": ""search_contacts"", ""arguments"": {""query"": ""Priyanka""}}",search_contacts,"{""query"": ""Priyanka""}",True,True,True,False,7831.4,
3,n035,check if Priyanka is in my address book,should_call,medium,search_contacts,"{""query"": ""Priyanka""}","{""name"": ""search_contacts"", ""arguments"": {""query"": ""Priyanka""}}",search_contacts,"{""query"": ""Priyanka""}",True,True,True,False,8129.6,
4,n035,check if Priyanka is in my address book,should_call,medium,search_contacts,"{""query"": ""Priyanka""}","{""name"": ""search_contacts"", ""arguments"": {""query"": ""Priyanka""}}",search_contacts,"{""query"": ""Priyanka""}",True,True,True,False,8061.2,
5,n035,check if Priyanka is in my address book,should_call,medium,search_contacts,"{""query"": ""Priyanka""}","{""name"": ""search_contacts"", ""arguments"": {""query"": ""Priyanka""}}",search_contacts,"{""query"": ""Priyanka""}",True,True,True,False,6928.6,
6,n035,check if Priyanka is in my address book,should_call,medium,search_contacts,"{""query"": ""Priyanka""}","{""name"": ""search_contacts"", ""arguments"": {""query"": ""Priyanka""}}",search_contacts,"{""query"": ""Priyanka""}",True,True,True,False,9478.6,
7,n035,check if Priyanka is in my address book,should_call,medium,search_contacts,"{""query"": ""Priyanka""}","{""name"": ""search_contacts"", ""arguments"": {""query"": ""Priyanka""}}",search_contacts,"{""query"": ""Priyanka""}",True,True,True,False,9273.5,
8,n035,check if Priyanka is in my address book,should_call,medium,search_contacts,"{""query"": ""Priyanka""}","{""name"": ""search_contacts"", ""arguments"": {""query"": ""Priyanka""}}",search_contacts,"{""query"": ""Priyanka""}",True,True,True,False,7870.4,
1,n036,search my phone contacts for the name Omar,should_call,medium,search_contacts,"{""query"": ""Omar""}","{""name"": ""search_contacts"", ""arguments"": {""query"": ""Omar""}}",search_contacts,"{""query"": ""Omar""}",True,True,True,False,8016.6,
2,n036,search my phone contacts for the name Omar,should_call,medium,search_contacts,"{""query"": ""Omar""}","{""name"": ""search_contacts"", ""arguments"": {""query"": ""Omar""}}",search_contacts,"{""query"": ""Omar""}",True,True,True,False,6510.5,
3,n036,search my phone contacts for the name Omar,should_call,medium,search_contacts,"{""query"": ""Omar""}","{""name"": ""search_contacts"", ""arguments"": {""query"": ""Omar""}}",search_contacts,"{""query"": ""Omar""}",True,True,True,False,6701.8,
4,n036,search my phone contacts for the name Omar,should_call,medium,search_contacts,"{""query"": ""Omar""}","{""name"": ""search_contacts"", ""arguments"": {""query"": ""Omar""}}",search_contacts,"{""query"": ""Omar""}",True,True,True,False,6668.8,
5,n036,search my phone contacts for the name Omar,should_call,medium,search_contacts,"{""query"": ""Omar""}","{""name"": ""search_contacts"", ""arguments"": {""query"": ""Omar""}}",search_contacts,"{""query"": ""Omar""}",True,True,True,False,7559.5,
6,n036,search my phone contacts for the name Omar,should_call,medium,search_contacts,"{""query"": ""Omar""}","{""name"": ""search_contacts"", ""arguments"": {""query"": ""Omar""}}",search_contacts,"{""query"": ""Omar""}",True,True,True,False,6532.0,
7,n036,search my phone contacts for the name Omar,should_call,medium,search_contacts,"{""query"": ""Omar""}","{""name"": ""search_contacts"", ""arguments"": {""query"": ""Omar""}}",search_contacts,"{""query"": ""Omar""}",True,True,True,False,7543.7,
8,n036,search my phone contacts for the name Omar,should_call,medium,search_contacts,"{""query"": ""Omar""}","{""name"": ""search_contacts"", ""arguments"": {""query"": ""Omar""}}",search_contacts,"{""query"": ""Omar""}",True,True,True,False,6500.8,
1,n037,find contact details for Ingrid,should_call,medium,search_contacts,"{""query"": ""Ingrid""}","{""name"": ""search_contacts"", ""arguments"": {""query"": ""Ingrid""}}",search_contacts,"{""query"": ""Ingrid""}",True,True,True,False,6564.4,
2,n037,find contact details for Ingrid,should_call,medium,search_contacts,"{""query"": ""Ingrid""}","{""name"": ""search_contacts"", ""arguments"": {""query"": ""Ingrid""}}",search_contacts,"{""query"": ""Ingrid""}",True,True,True,False,8055.6,
3,n037,find contact details for Ingrid,should_call,medium,search_contacts,"{""query"": ""Ingrid""}","{""name"": ""search_contacts"", ""arguments"": {""query"": ""Ingrid""}}",search_contacts,"{""query"": ""Ingrid""}",True,True,True,False,10144.2,
4,n037,find contact details for Ingrid,should_call,medium,search_contacts,"{""query"": ""Ingrid""}","{""name"": ""search_contacts"", ""arguments"": {""query"": ""Ingrid""}}",search_contacts,"{""query"": ""Ingrid""}",True,True,True,False,7758.5,
5,n037,find contact details for Ingrid,should_call,medium,search_contacts,"{""query"": ""Ingrid""}","{""name"": ""search_contacts"", ""arguments"": {""query"": ""Ingrid""}}",search_contacts,"{""query"": ""Ingrid""}",True,True,True,False,7712.3,
6,n037,find contact details for Ingrid,should_call,medium,search_contacts,"{""query"": ""Ingrid""}","{""name"": ""search_contacts"", ""arguments"": {""query"": ""Ingrid""}}",search_contacts,"{""query"": ""Ingrid""}",True,True,True,False,7638.4,
7,n037,find contact details for Ingrid,should_call,medium,search_contacts,"{""query"": ""Ingrid""}","{""name"": ""search_contacts"", ""arguments"": {""query"": ""Ingrid""}}",search_contacts,"{""query"": ""Ingrid""}",True,True,True,False,7782.0,
8,n037,find contact details for Ingrid,should_call,medium,search_contacts,"{""query"": ""Ingrid""}","{""name"": ""search_contacts"", ""arguments"": {""query"": ""Ingrid""}}",search_contacts,"{""query"": ""Ingrid""}",True,True,True,False,7855.2,
1,n038,look through contacts for anyone named Kwame,should_call,medium,search_contacts,"{""query"": ""Kwame""}","{""name"": ""search_contacts"", ""arguments"": {""query"": ""Kwame""}}",search_contacts,"{""query"": ""Kwame""}",True,True,True,False,7625.9,
2,n038,look through contacts for anyone named Kwame,should_call,medium,search_contacts,"{""query"": ""Kwame""}","{""name"": ""search_contacts"", ""arguments"": {""query"": ""Kwame""}}",search_contacts,"{""query"": ""Kwame""}",True,True,True,False,6185.9,
3,n038,look through contacts for anyone named Kwame,should_call,medium,search_contacts,"{""query"": ""Kwame""}","{""name"": ""search_contacts"", ""arguments"": {""query"": ""Kwame""}}",search_contacts,"{""query"": ""Kwame""}",True,True,True,False,6190.3,
4,n038,look through contacts for anyone named Kwame,should_call,medium,search_contacts,"{""query"": ""Kwame""}","{""name"": ""search_contacts"", ""arguments"": {""query"": ""Kwame""}}",search_contacts,"{""query"": ""Kwame""}",True,True,True,False,6383.5,
5,n038,look through contacts for anyone named Kwame,should_call,medium,search_contacts,"{""query"": ""Kwame""}","{""name"": ""search_contacts"", ""arguments"": {""query"": ""Kwame""}}",search_contacts,"{""query"": ""Kwame""}",True,True,True,False,5945.4,
6,n038,look through contacts for anyone named Kwame,should_call,medium,search_contacts,"{""query"": ""Kwame""}","{""name"": ""search_contacts"", ""arguments"": {""query"": ""Kwame""}}",search_contacts,"{""query"": ""Kwame""}",True,True,True,False,5600.0,
7,n038,look through contacts for anyone named Kwame,should_call,medium,search_contacts,"{""query"": ""Kwame""}","{""name"": ""search_contacts"", ""arguments"": {""query"": ""Kwame""}}",search_contacts,"{""query"": ""Kwame""}",True,True,True,False,6958.6,
8,n038,look through contacts for anyone named Kwame,should_call,medium,search_contacts,"{""query"": ""Kwame""}","{""name"": ""search_contacts"", ""arguments"": {""query"": ""Kwame""}}",search_contacts,"{""query"": ""Kwame""}",True,True,True,False,5702.8,
1,n039,"my brother Sam mentioned a coworker named Petra, can you find Petra in my contacts",should_call,hard,search_contacts,"{""query"": ""Petra""}","{""name"": ""search_contacts"", ""arguments"": {""query"": ""Petra""}}",search_contacts,"{""query"": ""Petra""}",True,True,True,False,6279.3,
2,n039,"my brother Sam mentioned a coworker named Petra, can you find Petra in my contacts",should_call,hard,search_contacts,"{""query"": ""Petra""}","{""name"": ""search_contacts"", ""arguments"": {""query"": ""Petra""}}",search_contacts,"{""query"": ""Petra""}",True,True,True,False,6398.5,
3,n039,"my brother Sam mentioned a coworker named Petra, can you find Petra in my contacts",should_call,hard,search_contacts,"{""query"": ""Petra""}","{""name"": ""search_contacts"", ""arguments"": {""query"": ""Petra""}}",search_contacts,"{""query"": ""Petra""}",True,True,True,False,5755.2,
4,n039,"my brother Sam mentioned a coworker named Petra, can you find Petra in my contacts",should_call,hard,search_contacts,"{""query"": ""Petra""}","{""name"": ""search_contacts"", ""arguments"": {""query"": ""Petra""}}",search_contacts,"{""query"": ""Petra""}",True,True,True,False,5744.6,
5,n039,"my brother Sam mentioned a coworker named Petra, can you find Petra in my contacts",should_call,hard,search_contacts,"{""query"": ""Petra""}","{""name"": ""search_contacts"", ""arguments"": {""query"": ""Petra""}}",search_contacts,"{""query"": ""Petra""}",True,True,True,False,5493.0,
6,n039,"my brother Sam mentioned a coworker named Petra, can you find Petra in my contacts",should_call,hard,search_contacts,"{""query"": ""Petra""}","{""name"": ""search_contacts"", ""arguments"": {""query"": ""Petra""}}",search_contacts,"{""query"": ""Petra""}",True,True,True,False,6861.6,
7,n039,"my brother Sam mentioned a coworker named Petra, can you find Petra in my contacts",should_call,hard,search_contacts,"{""query"": ""Petra""}","{""name"": ""search_contacts"", ""arguments"": {""query"": ""Petra""}}",search_contacts,"{""query"": ""Petra""}",True,True,True,False,5880.3,
8,n039,"my brother Sam mentioned a coworker named Petra, can you find Petra in my contacts",should_call,hard,search_contacts,"{""query"": ""Petra""}","{""name"": ""search_contacts"", ""arguments"": {""query"": ""Petra""}}",search_contacts,"{""query"": ""Petra""}",True,True,True,False,6401.6,
1,n040,"I need Diego's number, not Marco's, look Diego up in contacts",should_call,hard,search_contacts,"{""query"": ""Diego""}","{""name"": ""search_contacts"", ""arguments"": {""query"": ""Diego""}}",search_contacts,"{""query"": ""Diego""}",True,True,True,False,5753.0,
2,n040,"I need Diego's number, not Marco's, look Diego up in contacts",should_call,hard,search_contacts,"{""query"": ""Diego""}","{""name"": ""search_contacts"", ""arguments"": {""query"": ""Diego""}}",search_contacts,"{""query"": ""Diego""}",True,True,True,False,6305.9,
3,n040,"I need Diego's number, not Marco's, look Diego up in contacts",should_call,hard,search_contacts,"{""query"": ""Diego""}","{""name"": ""search_contacts"", ""arguments"": {""query"": ""Diego""}}",search_contacts,"{""query"": ""Diego""}",True,True,True,False,7440.7,
4,n040,"I need Diego's number, not Marco's, look Diego up in contacts",should_call,hard,search_contacts,"{""query"": ""Diego""}","{""name"": ""search_contacts"", ""arguments"": {""query"": ""Diego""}}",search_contacts,"{""query"": ""Diego""}",True,True,True,False,7080.8,
5,n040,"I need Diego's number, not Marco's, look Diego up in contacts",should_call,hard,search_contacts,"{""query"": ""Diego""}","{""name"": ""search_contacts"", ""arguments"": {""query"": ""Diego""}}",search_contacts,"{""query"": ""Diego""}",True,True,True,False,8479.4,
6,n040,"I need Diego's number, not Marco's, look Diego up in contacts",should_call,hard,search_contacts,"{""query"": ""Diego""}","{""name"": ""search_contacts"", ""arguments"": {""query"": ""Diego""}}",search_contacts,"{""query"": ""Diego""}",True,True,True,False,6176.3,
7,n040,"I need Diego's number, not Marco's, look Diego up in contacts",should_call,hard,search_contacts,"{""query"": ""Diego""}","{""name"": ""search_contacts"", ""arguments"": {""query"": ""Diego""}}",search_contacts,"{""query"": ""Diego""}",True,True,True,False,7813.2,
8,n040,"I need Diego's number, not Marco's, look Diego up in contacts",should_call,hard,search_contacts,"{""query"": ""Diego""}","{""name"": ""search_contacts"", ""arguments"": {""query"": ""Diego""}}",search_contacts,"{""query"": ""Diego""}",True,True,True,False,6627.6,
1,n041,set a timer for 20 minutes labeled 'nap',multi_arg,easy,set_timer,"{""duration_minutes"": 20, ""label"": ""nap""}","{""name"": ""set_timer"", ""arguments"": {""duration_minutes"": 20, ""label"": ""nap""}}",set_timer,"{""duration_minutes"": 20, ""label"": ""nap""}",True,True,True,False,5722.8,
2,n041,set a timer for 20 minutes labeled 'nap',multi_arg,easy,set_timer,"{""duration_minutes"": 20, ""label"": ""nap""}","{""name"": ""set_timer"", ""arguments"": {""duration_minutes"": 20, ""label"": ""nap""}}",set_timer,"{""duration_minutes"": 20, ""label"": ""nap""}",True,True,True,False,6851.8,
3,n041,set a timer for 20 minutes labeled 'nap',multi_arg,easy,set_timer,"{""duration_minutes"": 20, ""label"": ""nap""}","{""name"": ""set_timer"", ""arguments"": {""duration_minutes"": 20, ""label"": ""nap""}}",set_timer,"{""duration_minutes"": 20, ""label"": ""nap""}",True,True,True,False,8498.1,
4,n041,set a timer for 20 minutes labeled 'nap',multi_arg,easy,set_timer,"{""duration_minutes"": 20, ""label"": ""nap""}","{""name"": ""set_timer"", ""arguments"": {""duration_minutes"": 20, ""label"": ""nap""}}",set_timer,"{""duration_minutes"": 20, ""label"": ""nap""}",True,True,True,False,6894.4,
5,n041,set a timer for 20 minutes labeled 'nap',multi_arg,easy,set_timer,"{""duration_minutes"": 20, ""label"": ""nap""}","{""name"": ""set_timer"", ""arguments"": {""duration_minutes"": 20, ""label"": ""nap""}}",set_timer,"{""duration_minutes"": 20, ""label"": ""nap""}",True,True,True,False,7591.6,
6,n041,set a timer for 20 minutes labeled 'nap',multi_arg,easy,set_timer,"{""duration_minutes"": 20, ""label"": ""nap""}","{""name"": ""set_timer"", ""arguments"": {""duration_minutes"": 20, ""label"": ""nap""}}",set_timer,"{""duration_minutes"": 20, ""label"": ""nap""}",True,True,True,False,7035.6,
7,n041,set a timer for 20 minutes labeled 'nap',multi_arg,easy,set_timer,"{""duration_minutes"": 20, ""label"": ""nap""}","{""name"": ""set_timer"", ""arguments"": {""duration_minutes"": 20, ""label"": ""nap""}}",set_timer,"{""duration_minutes"": 20, ""label"": ""nap""}",True,True,True,False,7505.4,
8,n041,set a timer for 20 minutes labeled 'nap',multi_arg,easy,set_timer,"{""duration_minutes"": 20, ""label"": ""nap""}","{""name"": ""set_timer"", ""arguments"": {""duration_minutes"": 20, ""label"": ""nap""}}",set_timer,"{""duration_minutes"": 20, ""label"": ""nap""}",True,True,True,False,7331.9,
1,n042,start an 8 minute timer for eggs,multi_arg,easy,set_timer,"{""duration_minutes"": 8, ""label"": ""eggs""}","{""name"": ""set_timer"", ""arguments"": {""duration_minutes"": 8, ""label"": ""eggs""}}",set_timer,"{""duration_minutes"": 8, ""label"": ""eggs""}",True,True,True,False,7617.2,
2,n042,start an 8 minute timer for eggs,multi_arg,easy,set_timer,"{""duration_minutes"": 8, ""label"": ""eggs""}","{""name"": ""set_timer"", ""arguments"": {""duration_minutes"": 8, ""label"": ""eggs""}}",set_timer,"{""duration_minutes"": 8, ""label"": ""eggs""}",True,True,True,False,8050.8,
3,n042,start an 8 minute timer for eggs,multi_arg,easy,set_timer,"{""duration_minutes"": 8, ""label"": ""eggs""}","{""name"": ""set_timer"", ""arguments"": {""duration_minutes"": 8, ""label"": ""eggs""}}",set_timer,"{""duration_minutes"": 8, ""label"": ""eggs""}",True,True,True,False,8193.8,
4,n042,start an 8 minute timer for eggs,multi_arg,easy,set_timer,"{""duration_minutes"": 8, ""label"": ""eggs""}","{""name"": ""set_timer"", ""arguments"": {""duration_minutes"": 8, ""label"": ""eggs""}}",set_timer,"{""duration_minutes"": 8, ""label"": ""eggs""}",True,True,True,False,8003.8,
5,n042,start an 8 minute timer for eggs,multi_arg,easy,set_timer,"{""duration_minutes"": 8, ""label"": ""eggs""}","{""name"": ""set_timer"", ""arguments"": {""duration_minutes"": 8, ""label"": ""eggs""}}",set_timer,"{""duration_minutes"": 8, ""label"": ""eggs""}",True,True,True,False,8326.9,
6,n042,start an 8 minute timer for eggs,multi_arg,easy,set_timer,"{""duration_minutes"": 8, ""label"": ""eggs""}","{""name"": ""set_timer"", ""arguments"": {""duration_minutes"": 8, ""label"": ""eggs""}}",set_timer,"{""duration_minutes"": 8, ""label"": ""eggs""}",True,True,True,False,7988.6,
7,n042,start an 8 minute timer for eggs,multi_arg,easy,set_timer,"{""duration_minutes"": 8, ""label"": ""eggs""}","{""name"": ""set_timer"", ""arguments"": {""duration_minutes"": 8, ""label"": ""eggs""}}",set_timer,"{""duration_minutes"": 8, ""label"": ""eggs""}",True,True,True,False,8568.1,
8,n042,start an 8 minute timer for eggs,multi_arg,easy,set_timer,"{""duration_minutes"": 8, ""label"": ""eggs""}","{""name"": ""set_timer"", ""arguments"": {""duration_minutes"": 8, ""label"": ""eggs""}}",set_timer,"{""duration_minutes"": 8, ""label"": ""eggs""}",True,True,True,False,7792.1,
1,n043,"timer for 3 minutes, label 'steep tea'",multi_arg,easy,set_timer,"{""duration_minutes"": 3, ""label"": ""steep tea""}","{""name"": ""set_timer"", ""arguments"": {""duration_minutes"": 3, ""label"": ""steep tea""}}",set_timer,"{""duration_minutes"": 3, ""label"": ""steep tea""}",True,True,True,False,7811.8,
2,n043,"timer for 3 minutes, label 'steep tea'",multi_arg,easy,set_timer,"{""duration_minutes"": 3, ""label"": ""steep tea""}","{""name"": ""set_timer"", ""arguments"": {""duration_minutes"": 3, ""label"": ""steep tea""}}",set_timer,"{""duration_minutes"": 3, ""label"": ""steep tea""}",True,True,True,False,7899.2,
3,n043,"timer for 3 minutes, label 'steep tea'",multi_arg,easy,set_timer,"{""duration_minutes"": 3, ""label"": ""steep tea""}","{""name"": ""set_timer"", ""arguments"": {""duration_minutes"": 3, ""label"": ""steep tea""}}",set_timer,"{""duration_minutes"": 3, ""label"": ""steep tea""}",True,True,True,False,8384.0,
4,n043,"timer for 3 minutes, label 'steep tea'",multi_arg,easy,set_timer,"{""duration_minutes"": 3, ""label"": ""steep tea""}","```json
{""name"": ""set_timer"", ""arguments"": {""duration_minutes"": 3, ""label"": ""steep tea""}}
```",set_timer,"{""duration_minutes"": 3, ""label"": ""steep tea""}",True,True,True,False,7659.6,
5,n043,"timer for 3 minutes, label 'steep tea'",multi_arg,easy,set_timer,"{""duration_minutes"": 3, ""label"": ""steep tea""}","{""name"": ""set_timer"", ""arguments"": {""duration_minutes"": 3, ""label"": ""steep tea""}}",set_timer,"{""duration_minutes"": 3, ""label"": ""steep tea""}",True,True,True,False,7872.1,
6,n043,"timer for 3 minutes, label 'steep tea'",multi_arg,easy,set_timer,"{""duration_minutes"": 3, ""label"": ""steep tea""}","{""name"": ""set_timer"", ""arguments"": {""duration_minutes"": 3, ""label"": ""steep tea""}}",set_timer,"{""duration_minutes"": 3, ""label"": ""steep tea""}",True,True,True,False,7781.1,
7,n043,"timer for 3 minutes, label 'steep tea'",multi_arg,easy,set_timer,"{""duration_minutes"": 3, ""label"": ""steep tea""}","{""name"": ""set_timer"", ""arguments"": {""duration_minutes"": 3, ""label"": ""steep tea""}}",set_timer,"{""duration_minutes"": 3, ""label"": ""steep tea""}",True,True,True,False,8943.2,
8,n043,"timer for 3 minutes, label 'steep tea'",multi_arg,easy,set_timer,"{""duration_minutes"": 3, ""label"": ""steep tea""}","{""name"": ""set_timer"", ""arguments"": {""duration_minutes"": 3, ""label"": ""steep tea""}}",set_timer,"{""duration_minutes"": 3, ""label"": ""steep tea""}",True,True,True,False,7148.6,
1,n044,set a 12 minute timer for 'cookies',multi_arg,easy,set_timer,"{""duration_minutes"": 12, ""label"": ""cookies""}","{""name"": ""set_timer"", ""arguments"": {""duration_minutes"": 12, ""label"": ""cookies""}}",set_timer,"{""duration_minutes"": 12, ""label"": ""cookies""}",True,True,True,False,8417.6,
2,n044,set a 12 minute timer for 'cookies',multi_arg,easy,set_timer,"{""duration_minutes"": 12, ""label"": ""cookies""}","{""name"": ""set_timer"", ""arguments"": {""duration_minutes"": 12, ""label"": ""cookies""}}",set_timer,"{""duration_minutes"": 12, ""label"": ""cookies""}",True,True,True,False,8788.3,
3,n044,set a 12 minute timer for 'cookies',multi_arg,easy,set_timer,"{""duration_minutes"": 12, ""label"": ""cookies""}","{""name"": ""set_timer"", ""arguments"": {""duration_minutes"": 12, ""label"": ""cookies""}}",set_timer,"{""duration_minutes"": 12, ""label"": ""cookies""}",True,True,True,False,8242.5,
4,n044,set a 12 minute timer for 'cookies',multi_arg,easy,set_timer,"{""duration_minutes"": 12, ""label"": ""cookies""}","{""name"": ""set_timer"", ""arguments"": {""duration_minutes"": 12, ""label"": ""cookies""}}",set_timer,"{""duration_minutes"": 12, ""label"": ""cookies""}",True,True,True,False,8785.0,
5,n044,set a 12 minute timer for 'cookies',multi_arg,easy,set_timer,"{""duration_minutes"": 12, ""label"": ""cookies""}","```json
{""name"": ""set_timer"", ""arguments"": {""duration_minutes"": 12, ""label"": ""cookies""}}
```",set_timer,"{""duration_minutes"": 12, ""label"": ""cookies""}",True,True,True,False,9409.9,
6,n044,set a 12 minute timer for 'cookies',multi_arg,easy,set_timer,"{""duration_minutes"": 12, ""label"": ""cookies""}","{""name"": ""set_timer"", ""arguments"": {""duration_minutes"": 12, ""label"": ""cookies""}}",set_timer,"{""duration_minutes"": 12, ""label"": ""cookies""}",True,True,True,False,9762.8,
7,n044,set a 12 minute timer for 'cookies',multi_arg,easy,set_timer,"{""duration_minutes"": 12, ""label"": ""cookies""}","{""name"": ""set_timer"", ""arguments"": {""duration_minutes"": 12, ""label"": ""cookies""}}",set_timer,"{""duration_minutes"": 12, ""label"": ""cookies""}",True,True,True,False,7800.6,
8,n044,set a 12 minute timer for 'cookies',multi_arg,easy,set_timer,"{""duration_minutes"": 12, ""label"": ""cookies""}","{""name"": ""set_timer"", ""arguments"": {""duration_minutes"": 12, ""label"": ""cookies""}}",set_timer,"{""duration_minutes"": 12, ""label"": ""cookies""}",True,True,True,False,8853.5,
1,n045,please set a timer for 30 minutes to water the plants,multi_arg,easy,set_timer,"{""duration_minutes"": 30, ""label"": ""water the plants""}","{""name"": ""set_timer"", ""arguments"": {""duration_minutes"": 30, ""label"": ""water plants""}}",set_timer,"{""duration_minutes"": 30, ""label"": ""water plants""}",True,False,True,False,9517.9,
2,n045,please set a timer for 30 minutes to water the plants,multi_arg,easy,set_timer,"{""duration_minutes"": 30, ""label"": ""water the plants""}","{""name"": ""set_timer"", ""arguments"": {""duration_minutes"": 30, ""label"": ""water plants""}}",set_timer,"{""duration_minutes"": 30, ""label"": ""water plants""}",True,False,True,False,6785.9,
3,n045,please set a timer for 30 minutes to water the plants,multi_arg,easy,set_timer,"{""duration_minutes"": 30, ""label"": ""water the plants""}","{""name"": ""set_timer"", ""arguments"": {""duration_minutes"": 30, ""label"": ""water the plants""}}",set_timer,"{""duration_minutes"": 30, ""label"": ""water the plants""}",True,True,True,False,6909.0,
4,n045,please set a timer for 30 minutes to water the plants,multi_arg,easy,set_timer,"{""duration_minutes"": 30, ""label"": ""water the plants""}","{""name"": ""set_timer"", ""arguments"": {""duration_minutes"": 30, ""label"": ""water the plants""}}",set_timer,"{""duration_minutes"": 30, ""label"": ""water the plants""}",True,True,True,False,7799.9,
5,n045,please set a timer for 30 minutes to water the plants,multi_arg,easy,set_timer,"{""duration_minutes"": 30, ""label"": ""water the plants""}","{""name"": ""set_timer"", ""arguments"": {""duration_minutes"": 30, ""label"": ""water the plants""}}",set_timer,"{""duration_minutes"": 30, ""label"": ""water the plants""}",True,True,True,False,9024.4,
6,n045,please set a timer for 30 minutes to water the plants,multi_arg,easy,set_timer,"{""duration_minutes"": 30, ""label"": ""water the plants""}","{""name"": ""set_timer"", ""arguments"": {""duration_minutes"": 30, ""label"": ""water plants""}}",set_timer,"{""duration_minutes"": 30, ""label"": ""water plants""}",True,False,True,False,9531.9,
7,n045,please set a timer for 30 minutes to water the plants,multi_arg,easy,set_timer,"{""duration_minutes"": 30, ""label"": ""water the plants""}","{""name"": ""set_timer"", ""arguments"": {""duration_minutes"": 30, ""label"": ""water the plants""}}",set_timer,"{""duration_minutes"": 30, ""label"": ""water the plants""}",True,True,True,False,7131.3,
8,n045,please set a timer for 30 minutes to water the plants,multi_arg,easy,set_timer,"{""duration_minutes"": 30, ""label"": ""water the plants""}","{""name"": ""set_timer"", ""arguments"": {""duration_minutes"": 30, ""label"": ""water plants""}}",set_timer,"{""duration_minutes"": 30, ""label"": ""water plants""}",True,False,True,False,9123.1,
1,n046,can you time 10 minutes for me while I meditate,multi_arg,medium,set_timer,"{""duration_minutes"": 10, ""label"": ""meditate""}","{""name"": ""set_timer"", ""arguments"": {""duration_minutes"": 10, ""label"": ""meditation""}}",set_timer,"{""duration_minutes"": 10, ""label"": ""meditation""}",True,False,True,False,8437.7,
2,n046,can you time 10 minutes for me while I meditate,multi_arg,medium,set_timer,"{""duration_minutes"": 10, ""label"": ""meditate""}","{""name"": ""set_timer"", ""arguments"": {""duration_minutes"": 10, ""label"": ""meditate""}}",set_timer,"{""duration_minutes"": 10, ""label"": ""meditate""}",True,True,True,False,8997.9,
3,n046,can you time 10 minutes for me while I meditate,multi_arg,medium,set_timer,"{""duration_minutes"": 10, ""label"": ""meditate""}","{""name"": ""set_timer"", ""arguments"": {""duration_minutes"": 10, ""label"": ""meditation""}}",set_timer,"{""duration_minutes"": 10, ""label"": ""meditation""}",True,False,True,False,8960.9,
4,n046,can you time 10 minutes for me while I meditate,multi_arg,medium,set_timer,"{""duration_minutes"": 10, ""label"": ""meditate""}","{""name"": ""set_timer"", ""arguments"": {""duration_minutes"": 10, ""label"": ""meditate""}}",set_timer,"{""duration_minutes"": 10, ""label"": ""meditate""}",True,True,True,False,8522.1,
5,n046,can you time 10 minutes for me while I meditate,multi_arg,medium,set_timer,"{""duration_minutes"": 10, ""label"": ""meditate""}","{""name"": ""set_timer"", ""arguments"": {""duration_minutes"": 10, ""label"": ""meditation time""}}",set_timer,"{""duration_minutes"": 10, ""label"": ""meditation time""}",True,False,True,False,8035.0,
6,n046,can you time 10 minutes for me while I meditate,multi_arg,medium,set_timer,"{""duration_minutes"": 10, ""label"": ""meditate""}","{""name"": ""set_timer"", ""arguments"": {""duration_minutes"": 10, ""label"": ""meditation""}}",set_timer,"{""duration_minutes"": 10, ""label"": ""meditation""}",True,False,True,False,7567.7,
7,n046,can you time 10 minutes for me while I meditate,multi_arg,medium,set_timer,"{""duration_minutes"": 10, ""label"": ""meditate""}","{""name"": ""set_timer"", ""arguments"": {""duration_minutes"": 10, ""label"": ""meditation time""}}",set_timer,"{""duration_minutes"": 10, ""label"": ""meditation time""}",True,False,True,False,7835.9,
8,n046,can you time 10 minutes for me while I meditate,multi_arg,medium,set_timer,"{""duration_minutes"": 10, ""label"": ""meditate""}","{""name"": ""set_timer"", ""arguments"": {""duration_minutes"": 10, ""label"": ""meditation time""}}",set_timer,"{""duration_minutes"": 10, ""label"": ""meditation time""}",True,False,True,False,9335.5,
1,n047,set a timer so I remember to check the oven in 40 minutes,multi_arg,medium,set_timer,"{""duration_minutes"": 40, ""label"": ""check the oven""}","{""name"": ""set_timer"", ""arguments"": {""duration_minutes"": 40, ""label"": ""check oven""}}",set_timer,"{""duration_minutes"": 40, ""label"": ""check oven""}",True,False,True,False,7531.9,
2,n047,set a timer so I remember to check the oven in 40 minutes,multi_arg,medium,set_timer,"{""duration_minutes"": 40, ""label"": ""check the oven""}","{""name"": ""set_timer"", ""arguments"": {""duration_minutes"": 40, ""label"": ""check oven""}}",set_timer,"{""duration_minutes"": 40, ""label"": ""check oven""}",True,False,True,False,10981.9,
3,n047,set a timer so I remember to check the oven in 40 minutes,multi_arg,medium,set_timer,"{""duration_minutes"": 40, ""label"": ""check the oven""}","{""name"": ""set_timer"", ""arguments"": {""duration_minutes"": 40, ""label"": ""check oven""}}",set_timer,"{""duration_minutes"": 40, ""label"": ""check oven""}",True,False,True,False,8593.4,
4,n047,set a timer so I remember to check the oven in 40 minutes,multi_arg,medium,set_timer,"{""duration_minutes"": 40, ""label"": ""check the oven""}","{""name"": ""set_timer"", ""arguments"": {""duration_minutes"": 40, ""label"": ""check oven""}}",set_timer,"{""duration_minutes"": 40, ""label"": ""check oven""}",True,False,True,False,10516.9,
5,n047,set a timer so I remember to check the oven in 40 minutes,multi_arg,medium,set_timer,"{""duration_minutes"": 40, ""label"": ""check the oven""}","{""name"": ""set_timer"", ""arguments"": {""duration_minutes"": 40, ""label"": ""check oven""}}",set_timer,"{""duration_minutes"": 40, ""label"": ""check oven""}",True,False,True,False,9436.1,
6,n047,set a timer so I remember to check the oven in 40 minutes,multi_arg,medium,set_timer,"{""duration_minutes"": 40, ""label"": ""check the oven""}","{""name"": ""set_timer"", ""arguments"": {""duration_minutes"": 40, ""label"": ""check oven""}}",set_timer,"{""duration_minutes"": 40, ""label"": ""check oven""}",True,False,True,False,8805.7,
7,n047,set a timer so I remember to check the oven in 40 minutes,multi_arg,medium,set_timer,"{""duration_minutes"": 40, ""label"": ""check the oven""}","{""name"": ""set_timer"", ""arguments"": {""duration_minutes"": 40, ""label"": ""check oven""}}",set_timer,"{""duration_minutes"": 40, ""label"": ""check oven""}",True,False,True,False,9095.4,
8,n047,set a timer so I remember to check the oven in 40 minutes,multi_arg,medium,set_timer,"{""duration_minutes"": 40, ""label"": ""check the oven""}","{""name"": ""set_timer"", ""arguments"": {""duration_minutes"": 40, ""label"": ""check oven""}}",set_timer,"{""duration_minutes"": 40, ""label"": ""check oven""}",True,False,True,False,9816.3,
1,n048,I need a 7 minute timer for my run cooldown,multi_arg,medium,set_timer,"{""duration_minutes"": 7, ""label"": ""run cooldown""}","{""name"": ""set_timer"", ""arguments"": {""duration_minutes"": 7, ""label"": ""run cooldown""}}",set_timer,"{""duration_minutes"": 7, ""label"": ""run cooldown""}",True,True,True,False,9061.3,
2,n048,I need a 7 minute timer for my run cooldown,multi_arg,medium,set_timer,"{""duration_minutes"": 7, ""label"": ""run cooldown""}","{""name"": ""set_timer"", ""arguments"": {""duration_minutes"": 7, ""label"": ""Run Cooldown""}}",set_timer,"{""duration_minutes"": 7, ""label"": ""Run Cooldown""}",True,True,True,False,8273.1,
3,n048,I need a 7 minute timer for my run cooldown,multi_arg,medium,set_timer,"{""duration_minutes"": 7, ""label"": ""run cooldown""}","{""name"": ""set_timer"", ""arguments"": {""duration_minutes"": 7, ""label"": ""run cooldown""}}",set_timer,"{""duration_minutes"": 7, ""label"": ""run cooldown""}",True,True,True,False,8990.0,
4,n048,I need a 7 minute timer for my run cooldown,multi_arg,medium,set_timer,"{""duration_minutes"": 7, ""label"": ""run cooldown""}","{""name"": ""set_timer"", ""arguments"": {""duration_minutes"": 7, ""label"": ""run cooldown""}}",set_timer,"{""duration_minutes"": 7, ""label"": ""run cooldown""}",True,True,True,False,8709.8,
5,n048,I need a 7 minute timer for my run cooldown,multi_arg,medium,set_timer,"{""duration_minutes"": 7, ""label"": ""run cooldown""}","{""name"": ""set_timer"", ""arguments"": {""duration_minutes"": 7, ""label"": ""run cooldown""}}",set_timer,"{""duration_minutes"": 7, ""label"": ""run cooldown""}",True,True,True,False,8293.1,
6,n048,I need a 7 minute timer for my run cooldown,multi_arg,medium,set_timer,"{""duration_minutes"": 7, ""label"": ""run cooldown""}","{""name"": ""set_timer"", ""arguments"": {""duration_minutes"": 7, ""label"": ""Run Cooldown""}}",set_timer,"{""duration_minutes"": 7, ""label"": ""Run Cooldown""}",True,True,True,False,8565.4,
7,n048,I need a 7 minute timer for my run cooldown,multi_arg,medium,set_timer,"{""duration_minutes"": 7, ""label"": ""run cooldown""}","{""name"": ""set_timer"", ""arguments"": {""duration_minutes"": 7, ""label"": ""Run Cooldown""}}",set_timer,"{""duration_minutes"": 7, ""label"": ""Run Cooldown""}",True,True,True,False,10041.6,
8,n048,I need a 7 minute timer for my run cooldown,multi_arg,medium,set_timer,"{""duration_minutes"": 7, ""label"": ""run cooldown""}","{""name"": ""set_timer"", ""arguments"": {""duration_minutes"": 7, ""label"": ""run cooldown""}}",set_timer,"{""duration_minutes"": 7, ""label"": ""run cooldown""}",True,True,True,False,7820.4,
1,n049,"start a timer, 18 minutes, for charging my phone",multi_arg,medium,set_timer,"{""duration_minutes"": 18, ""label"": ""charging my phone""}","{""name"": ""set_timer"", ""arguments"": {""duration_minutes"": 18, ""label"": ""charging my phone""}}",set_timer,"{""duration_minutes"": 18, ""label"": ""charging my phone""}",True,True,True,False,8989.8,
2,n049,"start a timer, 18 minutes, for charging my phone",multi_arg,medium,set_timer,"{""duration_minutes"": 18, ""label"": ""charging my phone""}","{""name"": ""set_timer"", ""arguments"": {""duration_minutes"": 18, ""label"": ""charging my phone""}}",set_timer,"{""duration_minutes"": 18, ""label"": ""charging my phone""}",True,True,True,False,9428.9,
3,n049,"start a timer, 18 minutes, for charging my phone",multi_arg,medium,set_timer,"{""duration_minutes"": 18, ""label"": ""charging my phone""}","{""name"": ""set_timer"", ""arguments"": {""duration_minutes"": 18, ""label"": ""charging my phone""}}",set_timer,"{""duration_minutes"": 18, ""label"": ""charging my phone""}",True,True,True,False,10427.2,
4,n049,"start a timer, 18 minutes, for charging my phone",multi_arg,medium,set_timer,"{""duration_minutes"": 18, ""label"": ""charging my phone""}","{""name"": ""set_timer"", ""arguments"": {""duration_minutes"": 18, ""label"": ""charging my phone""}}",set_timer,"{""duration_minutes"": 18, ""label"": ""charging my phone""}",True,True,True,False,10483.7,
5,n049,"start a timer, 18 minutes, for charging my phone",multi_arg,medium,set_timer,"{""duration_minutes"": 18, ""label"": ""charging my phone""}","{""name"": ""set_timer"", ""arguments"": {""duration_minutes"": 18, ""label"": ""charging my phone""}}",set_timer,"{""duration_minutes"": 18, ""label"": ""charging my phone""}",True,True,True,False,9262.1,
6,n049,"start a timer, 18 minutes, for charging my phone",multi_arg,medium,set_timer,"{""duration_minutes"": 18, ""label"": ""charging my phone""}","{""name"": ""set_timer"", ""arguments"": {""duration_minutes"": 18, ""label"": ""charging my phone""}}",set_timer,"{""duration_minutes"": 18, ""label"": ""charging my phone""}",True,True,True,False,8521.4,
7,n049,"start a timer, 18 minutes, for charging my phone",multi_arg,medium,set_timer,"{""duration_minutes"": 18, ""label"": ""charging my phone""}","{""name"": ""set_timer"", ""arguments"": {""duration_minutes"": 18, ""label"": ""charging my phone""}}",set_timer,"{""duration_minutes"": 18, ""label"": ""charging my phone""}",True,True,True,False,9135.1,
8,n049,"start a timer, 18 minutes, for charging my phone",multi_arg,medium,set_timer,"{""duration_minutes"": 18, ""label"": ""charging my phone""}","{""name"": ""set_timer"", ""arguments"": {""duration_minutes"": 18, ""label"": ""charging my phone""}}",set_timer,"{""duration_minutes"": 18, ""label"": ""charging my phone""}",True,True,True,False,9207.2,
1,n050,set one for 50 minutes labeled study session,multi_arg,medium,set_timer,"{""duration_minutes"": 50, ""label"": ""study session""}","{""name"": ""set_timer"", ""arguments"": {""duration_minutes"": 50, ""label"": ""study session""}}",set_timer,"{""duration_minutes"": 50, ""label"": ""study session""}",True,True,True,False,9263.1,
2,n050,set one for 50 minutes labeled study session,multi_arg,medium,set_timer,"{""duration_minutes"": 50, ""label"": ""study session""}","{""name"": ""set_timer"", ""arguments"": {""duration_minutes"": 50, ""label"": ""study session""}}",set_timer,"{""duration_minutes"": 50, ""label"": ""study session""}",True,True,True,False,8036.9,
3,n050,set one for 50 minutes labeled study session,multi_arg,medium,set_timer,"{""duration_minutes"": 50, ""label"": ""study session""}","{""name"": ""set_timer"", ""arguments"": {""duration_minutes"": 50, ""label"": ""study session""}}",set_timer,"{""duration_minutes"": 50, ""label"": ""study session""}",True,True,True,False,10005.5,
4,n050,set one for 50 minutes labeled study session,multi_arg,medium,set_timer,"{""duration_minutes"": 50, ""label"": ""study session""}","{""name"": ""set_timer"", ""arguments"": {""duration_minutes"": 50, ""label"": ""study session""}}",set_timer,"{""duration_minutes"": 50, ""label"": ""study session""}",True,True,True,False,8334.2,
5,n050,set one for 50 minutes labeled study session,multi_arg,medium,set_timer,"{""duration_minutes"": 50, ""label"": ""study session""}","{""name"": ""set_timer"", ""arguments"": {""duration_minutes"": 50, ""label"": ""study session""}}",set_timer,"{""duration_minutes"": 50, ""label"": ""study session""}",True,True,True,False,7594.3,
6,n050,set one for 50 minutes labeled study session,multi_arg,medium,set_timer,"{""duration_minutes"": 50, ""label"": ""study session""}","{""name"": ""set_timer"", ""arguments"": {""duration_minutes"": 50, ""label"": ""study session""}}",set_timer,"{""duration_minutes"": 50, ""label"": ""study session""}",True,True,True,False,8182.8,
7,n050,set one for 50 minutes labeled study session,multi_arg,medium,set_timer,"{""duration_minutes"": 50, ""label"": ""study session""}","{""name"": ""set_timer"", ""arguments"": {""duration_minutes"": 50, ""label"": ""study session""}}",set_timer,"{""duration_minutes"": 50, ""label"": ""study session""}",True,True,True,False,10501.3,
8,n050,set one for 50 minutes labeled study session,multi_arg,medium,set_timer,"{""duration_minutes"": 50, ""label"": ""study session""}","{""name"": ""set_timer"", ""arguments"": {""duration_minutes"": 50, ""label"": ""study session""}}",set_timer,"{""duration_minutes"": 50, ""label"": ""study session""}",True,True,True,False,11371.9,
1,n051,can you set a countdown for 6 minutes to boil the pasta,multi_arg,medium,set_timer,"{""duration_minutes"": 6, ""label"": ""boil the pasta""}","{""name"": ""set_timer"", ""arguments"": {""duration_minutes"": 6, ""label"": ""boil pasta""}}",set_timer,"{""duration_minutes"": 6, ""label"": ""boil pasta""}",True,False,True,False,8240.4,
2,n051,can you set a countdown for 6 minutes to boil the pasta,multi_arg,medium,set_timer,"{""duration_minutes"": 6, ""label"": ""boil the pasta""}","{""name"": ""set_timer"", ""arguments"": {""duration_minutes"": 6, ""label"": ""boil pasta""}}",set_timer,"{""duration_minutes"": 6, ""label"": ""boil pasta""}",True,False,True,False,8255.2,
3,n051,can you set a countdown for 6 minutes to boil the pasta,multi_arg,medium,set_timer,"{""duration_minutes"": 6, ""label"": ""boil the pasta""}","{""name"": ""set_timer"", ""arguments"": {""duration_minutes"": 6, ""label"": ""boil pasta""}}",set_timer,"{""duration_minutes"": 6, ""label"": ""boil pasta""}",True,False,True,False,9015.7,
4,n051,can you set a countdown for 6 minutes to boil the pasta,multi_arg,medium,set_timer,"{""duration_minutes"": 6, ""label"": ""boil the pasta""}","{""name"": ""set_timer"", ""arguments"": {""duration_minutes"": 6, ""label"": ""boiling pasta""}}",set_timer,"{""duration_minutes"": 6, ""label"": ""boiling pasta""}",True,False,True,False,9598.3,
5,n051,can you set a countdown for 6 minutes to boil the pasta,multi_arg,medium,set_timer,"{""duration_minutes"": 6, ""label"": ""boil the pasta""}","{""name"": ""set_timer"", ""arguments"": {""duration_minutes"": 6, ""label"": ""boil pasta""}}",set_timer,"{""duration_minutes"": 6, ""label"": ""boil pasta""}",True,False,True,False,8856.8,
6,n051,can you set a countdown for 6 minutes to boil the pasta,multi_arg,medium,set_timer,"{""duration_minutes"": 6, ""label"": ""boil the pasta""}","{""name"": ""set_timer"", ""arguments"": {""duration_minutes"": 6, ""label"": ""boil pasta""}}",set_timer,"{""duration_minutes"": 6, ""label"": ""boil pasta""}",True,False,True,False,8825.9,
7,n051,can you set a countdown for 6 minutes to boil the pasta,multi_arg,medium,set_timer,"{""duration_minutes"": 6, ""label"": ""boil the pasta""}","{""name"": ""set_timer"", ""arguments"": {""duration_minutes"": 6, ""label"": ""boil pasta""}}",set_timer,"{""duration_minutes"": 6, ""label"": ""boil pasta""}",True,False,True,False,9909.6,
8,n051,can you set a countdown for 6 minutes to boil the pasta,multi_arg,medium,set_timer,"{""duration_minutes"": 6, ""label"": ""boil the pasta""}","{""name"": ""set_timer"", ""arguments"": {""duration_minutes"": 6, ""label"": ""boil pasta""}}",set_timer,"{""duration_minutes"": 6, ""label"": ""boil pasta""}",True,False,True,False,8229.4,
1,n052,give me a timer for twenty two minutes for laundry,multi_arg,medium,set_timer,"{""duration_minutes"": 22, ""label"": ""laundry""}","{""name"": ""set_timer"", ""arguments"": {""duration_minutes"": 22, ""label"": ""laundry""}}",set_timer,"{""duration_minutes"": 22, ""label"": ""laundry""}",True,True,True,False,10715.2,
2,n052,give me a timer for twenty two minutes for laundry,multi_arg,medium,set_timer,"{""duration_minutes"": 22, ""label"": ""laundry""}","{""name"": ""set_timer"", ""arguments"": {""duration_minutes"": 22, ""label"": ""laundry""}}",set_timer,"{""duration_minutes"": 22, ""label"": ""laundry""}",True,True,True,False,12503.1,
3,n052,give me a timer for twenty two minutes for laundry,multi_arg,medium,set_timer,"{""duration_minutes"": 22, ""label"": ""laundry""}","{""name"": ""set_timer"", ""arguments"": {""duration_minutes"": 22, ""label"": ""laundry""}}",set_timer,"{""duration_minutes"": 22, ""label"": ""laundry""}",True,True,True,False,17433.4,
4,n052,give me a timer for twenty two minutes for laundry,multi_arg,medium,set_timer,"{""duration_minutes"": 22, ""label"": ""laundry""}","{""name"": ""set_timer"", ""arguments"": {""duration_minutes"": 22, ""label"": ""laundry""}}",set_timer,"{""duration_minutes"": 22, ""label"": ""laundry""}",True,True,True,False,17542.9,
5,n052,give me a timer for twenty two minutes for laundry,multi_arg,medium,set_timer,"{""duration_minutes"": 22, ""label"": ""laundry""}","{""name"": ""set_timer"", ""arguments"": {""duration_minutes"": 22, ""label"": ""laundry""}}",set_timer,"{""duration_minutes"": 22, ""label"": ""laundry""}",True,True,True,False,33056.7,
6,n052,give me a timer for twenty two minutes for laundry,multi_arg,medium,set_timer,"{""duration_minutes"": 22, ""label"": ""laundry""}","{""name"": ""set_timer"", ""arguments"": {""duration_minutes"": 22, ""label"": ""laundry""}}",set_timer,"{""duration_minutes"": 22, ""label"": ""laundry""}",True,True,True,False,12932.1,
7,n052,give me a timer for twenty two minutes for laundry,multi_arg,medium,set_timer,"{""duration_minutes"": 22, ""label"": ""laundry""}","```json
{""name"": ""set_timer"", ""arguments"": {""duration_minutes"": 22, ""label"": ""laundry""}}
```",set_timer,"{""duration_minutes"": 22, ""label"": ""laundry""}",True,True,True,False,10216.4,
8,n052,give me a timer for twenty two minutes for laundry,multi_arg,medium,set_timer,"{""duration_minutes"": 22, ""label"": ""laundry""}","{""name"": ""set_timer"", ""arguments"": {""duration_minutes"": 22, ""label"": ""laundry""}}",set_timer,"{""duration_minutes"": 22, ""label"": ""laundry""}",True,True,True,False,11594.5,
1,n053,"set a timer, call it 'break', for 15 minutes",multi_arg,medium,set_timer,"{""duration_minutes"": 15, ""label"": ""break""}","{""name"": ""set_timer"", ""arguments"": {""duration_minutes"": 15, ""label"": ""break""}}",set_timer,"{""duration_minutes"": 15, ""label"": ""break""}",True,True,True,False,9725.2,
2,n053,"set a timer, call it 'break', for 15 minutes",multi_arg,medium,set_timer,"{""duration_minutes"": 15, ""label"": ""break""}","{""name"": ""set_timer"", ""arguments"": {""duration_minutes"": 15, ""label"": ""break""}}",set_timer,"{""duration_minutes"": 15, ""label"": ""break""}",True,True,True,False,10689.8,
3,n053,"set a timer, call it 'break', for 15 minutes",multi_arg,medium,set_timer,"{""duration_minutes"": 15, ""label"": ""break""}","{""name"": ""set_timer"", ""arguments"": {""duration_minutes"": 15, ""label"": ""break""}}",set_timer,"{""duration_minutes"": 15, ""label"": ""break""}",True,True,True,False,8631.4,
4,n053,"set a timer, call it 'break', for 15 minutes",multi_arg,medium,set_timer,"{""duration_minutes"": 15, ""label"": ""break""}","{""name"": ""set_timer"", ""arguments"": {""duration_minutes"": 15, ""label"": ""break""}}",set_timer,"{""duration_minutes"": 15, ""label"": ""break""}",True,True,True,False,10091.4,
5,n053,"set a timer, call it 'break', for 15 minutes",multi_arg,medium,set_timer,"{""duration_minutes"": 15, ""label"": ""break""}","{""name"": ""set_timer"", ""arguments"": {""duration_minutes"": 15, ""label"": ""break""}}",set_timer,"{""duration_minutes"": 15, ""label"": ""break""}",True,True,True,False,7495.8,
6,n053,"set a timer, call it 'break', for 15 minutes",multi_arg,medium,set_timer,"{""duration_minutes"": 15, ""label"": ""break""}","{""name"": ""set_timer"", ""arguments"": {""duration_minutes"": 15, ""label"": ""break""}}",set_timer,"{""duration_minutes"": 15, ""label"": ""break""}",True,True,True,False,11439.6,
7,n053,"set a timer, call it 'break', for 15 minutes",multi_arg,medium,set_timer,"{""duration_minutes"": 15, ""label"": ""break""}","{""name"": ""set_timer"", ""arguments"": {""duration_minutes"": 15, ""label"": ""break""}}",set_timer,"{""duration_minutes"": 15, ""label"": ""break""}",True,True,True,False,10987.8,
8,n053,"set a timer, call it 'break', for 15 minutes",multi_arg,medium,set_timer,"{""duration_minutes"": 15, ""label"": ""break""}","{""name"": ""set_timer"", ""arguments"": {""duration_minutes"": 15, ""label"": ""break""}}",set_timer,"{""duration_minutes"": 15, ""label"": ""break""}",True,True,True,False,7930.1,
1,n054,I want a timer for 9 minutes so I don't overcook the rice,multi_arg,medium,set_timer,"{""duration_minutes"": 9, ""label"": ""don't overcook the rice""}","{""name"": ""set_timer"", ""arguments"": {""duration_minutes"": 9, ""label"": ""Avoid overcooking rice""}}",set_timer,"{""duration_minutes"": 9, ""label"": ""Avoid overcooking rice""}",True,False,True,False,13096.6,
2,n054,I want a timer for 9 minutes so I don't overcook the rice,multi_arg,medium,set_timer,"{""duration_minutes"": 9, ""label"": ""don't overcook the rice""}","{""name"": ""set_timer"", ""arguments"": {""duration_minutes"": 9, ""label"": ""don't overcook the rice""}}",set_timer,"{""duration_minutes"": 9, ""label"": ""don't overcook the rice""}",True,True,True,False,10151.9,
3,n054,I want a timer for 9 minutes so I don't overcook the rice,multi_arg,medium,set_timer,"{""duration_minutes"": 9, ""label"": ""don't overcook the rice""}","{""name"": ""set_timer"", ""arguments"": {""duration_minutes"": 9, ""label"": ""rice timer""}}",set_timer,"{""duration_minutes"": 9, ""label"": ""rice timer""}",True,False,True,False,8882.3,
4,n054,I want a timer for 9 minutes so I don't overcook the rice,multi_arg,medium,set_timer,"{""duration_minutes"": 9, ""label"": ""don't overcook the rice""}","{""name"": ""set_timer"", ""arguments"": {""duration_minutes"": 9, ""label"": ""avoid overcooking rice""}}",set_timer,"{""duration_minutes"": 9, ""label"": ""avoid overcooking rice""}",True,False,True,False,9127.0,
5,n054,I want a timer for 9 minutes so I don't overcook the rice,multi_arg,medium,set_timer,"{""duration_minutes"": 9, ""label"": ""don't overcook the rice""}","{""name"": ""set_timer"", ""arguments"": {""duration_minutes"": 9, ""label"": ""rice timer""}}",set_timer,"{""duration_minutes"": 9, ""label"": ""rice timer""}",True,False,True,False,9965.7,
6,n054,I want a timer for 9 minutes so I don't overcook the rice,multi_arg,medium,set_timer,"{""duration_minutes"": 9, ""label"": ""don't overcook the rice""}","{""name"": ""set_timer"", ""arguments"": {""duration_minutes"": 9, ""label"": ""avoid overcooking rice""}}",set_timer,"{""duration_minutes"": 9, ""label"": ""avoid overcooking rice""}",True,False,True,False,10207.0,
7,n054,I want a timer for 9 minutes so I don't overcook the rice,multi_arg,medium,set_timer,"{""duration_minutes"": 9, ""label"": ""don't overcook the rice""}","{""name"": ""set_timer"", ""arguments"": {""duration_minutes"": 9, ""label"": ""9 minutes rice timer""}}",set_timer,"{""duration_minutes"": 9, ""label"": ""9 minutes rice timer""}",True,False,True,False,7844.7,
8,n054,I want a timer for 9 minutes so I don't overcook the rice,multi_arg,medium,set_timer,"{""duration_minutes"": 9, ""label"": ""don't overcook the rice""}","{""name"": ""set_timer"", ""arguments"": {""duration_minutes"": 9, ""label"": ""cooking rice""}}",set_timer,"{""duration_minutes"": 9, ""label"": ""cooking rice""}",True,False,True,False,8709.5,
1,n055,set a reminder timer for 55 minutes for the roast,multi_arg,medium,set_timer,"{""duration_minutes"": 55, ""label"": ""the roast""}","{""name"": ""set_timer"", ""arguments"": {""duration_minutes"": 55, ""label"": ""roast""}}",set_timer,"{""duration_minutes"": 55, ""label"": ""roast""}",True,True,True,False,9707.7,
2,n055,set a reminder timer for 55 minutes for the roast,multi_arg,medium,set_timer,"{""duration_minutes"": 55, ""label"": ""the roast""}","{""name"": ""set_timer"", ""arguments"": {""duration_minutes"": 55, ""label"": ""roast""}}",set_timer,"{""duration_minutes"": 55, ""label"": ""roast""}",True,True,True,False,12724.5,
3,n055,set a reminder timer for 55 minutes for the roast,multi_arg,medium,set_timer,"{""duration_minutes"": 55, ""label"": ""the roast""}","{""name"": ""set_timer"", ""arguments"": {""duration_minutes"": 55, ""label"": ""roast""}}",set_timer,"{""duration_minutes"": 55, ""label"": ""roast""}",True,True,True,False,12615.7,
4,n055,set a reminder timer for 55 minutes for the roast,multi_arg,medium,set_timer,"{""duration_minutes"": 55, ""label"": ""the roast""}","{""name"": ""set_timer"", ""arguments"": {""duration_minutes"": 55, ""label"": ""roast""}}",set_timer,"{""duration_minutes"": 55, ""label"": ""roast""}",True,True,True,False,18901.0,
5,n055,set a reminder timer for 55 minutes for the roast,multi_arg,medium,set_timer,"{""duration_minutes"": 55, ""label"": ""the roast""}","{""name"": ""set_timer"", ""arguments"": {""duration_minutes"": 55, ""label"": ""roast""}}",set_timer,"{""duration_minutes"": 55, ""label"": ""roast""}",True,True,True,False,8454.1,
6,n055,set a reminder timer for 55 minutes for the roast,multi_arg,medium,set_timer,"{""duration_minutes"": 55, ""label"": ""the roast""}","{""name"": ""set_timer"", ""arguments"": {""duration_minutes"": 55, ""label"": ""roast""}}",set_timer,"{""duration_minutes"": 55, ""label"": ""roast""}",True,True,True,False,9475.9,
7,n055,set a reminder timer for 55 minutes for the roast,multi_arg,medium,set_timer,"{""duration_minutes"": 55, ""label"": ""the roast""}","{""name"": ""set_timer"", ""arguments"": {""duration_minutes"": 55, ""label"": ""roast""}}",set_timer,"{""duration_minutes"": 55, ""label"": ""roast""}",True,True,True,False,11324.5,
8,n055,set a reminder timer for 55 minutes for the roast,multi_arg,medium,set_timer,"{""duration_minutes"": 55, ""label"": ""the roast""}","{""name"": ""set_timer"", ""arguments"": {""duration_minutes"": 55, ""label"": ""roast""}}",set_timer,"{""duration_minutes"": 55, ""label"": ""roast""}",True,True,True,False,20090.9,
1,n056,set a timer for a quarter of an hour to check the mail,multi_arg,hard,set_timer,"{""duration_minutes"": 15, ""label"": ""check the mail""}","{""name"": ""set_timer"", ""arguments"": {""duration_minutes"": 15, ""label"": ""check the mail""}}",set_timer,"{""duration_minutes"": 15, ""label"": ""check the mail""}",True,True,True,False,16635.0,
2,n056,set a timer for a quarter of an hour to check the mail,multi_arg,hard,set_timer,"{""duration_minutes"": 15, ""label"": ""check the mail""}","{""name"": ""set_timer"", ""arguments"": {""duration_minutes"": 15, ""label"": ""check the mail""}}",set_timer,"{""duration_minutes"": 15, ""label"": ""check the mail""}",True,True,True,False,12348.7,
3,n056,set a timer for a quarter of an hour to check the mail,multi_arg,hard,set_timer,"{""duration_minutes"": 15, ""label"": ""check the mail""}","{""name"": ""set_timer"", ""arguments"": {""duration_minutes"": 15, ""label"": ""check the mail""}}",set_timer,"{""duration_minutes"": 15, ""label"": ""check the mail""}",True,True,True,False,9418.2,
4,n056,set a timer for a quarter of an hour to check the mail,multi_arg,hard,set_timer,"{""duration_minutes"": 15, ""label"": ""check the mail""}","{""name"": ""set_timer"", ""arguments"": {""duration_minutes"": 15, ""label"": ""Check Mail""}}",set_timer,"{""duration_minutes"": 15, ""label"": ""Check Mail""}",True,False,True,False,11407.8,
5,n056,set a timer for a quarter of an hour to check the mail,multi_arg,hard,set_timer,"{""duration_minutes"": 15, ""label"": ""check the mail""}","{""name"": ""set_timer"", ""arguments"": {""duration_minutes"": 15, ""label"": ""check the mail""}}",set_timer,"{""duration_minutes"": 15, ""label"": ""check the mail""}",True,True,True,False,10282.5,
6,n056,set a timer for a quarter of an hour to check the mail,multi_arg,hard,set_timer,"{""duration_minutes"": 15, ""label"": ""check the mail""}","```json
{""name"": ""set_timer"", ""arguments"": {""duration_minutes"": 15, ""label"": ""check the mail""}}
```",set_timer,"{""duration_minutes"": 15, ""label"": ""check the mail""}",True,True,True,False,10997.5,
7,n056,set a timer for a quarter of an hour to check the mail,multi_arg,hard,set_timer,"{""duration_minutes"": 15, ""label"": ""check the mail""}","{""name"": ""set_timer"", ""arguments"": {""duration_minutes"": 15, ""label"": ""check mail""}}",set_timer,"{""duration_minutes"": 15, ""label"": ""check mail""}",True,False,True,False,9293.3,
8,n056,set a timer for a quarter of an hour to check the mail,multi_arg,hard,set_timer,"{""duration_minutes"": 15, ""label"": ""check the mail""}","{""name"": ""set_timer"", ""arguments"": {""duration_minutes"": 15, ""label"": ""check the mail""}}",set_timer,"{""duration_minutes"": 15, ""label"": ""check the mail""}",True,True,True,False,10051.6,
1,n057,"start a timer for ten minutes, not the five minute one I mentioned earlier, for pizza",multi_arg,hard,set_timer,"{""duration_minutes"": 10, ""label"": ""pizza""}","{""name"": ""set_timer"", ""arguments"": {""duration_minutes"": 10, ""label"": ""pizza""}}",set_timer,"{""duration_minutes"": 10, ""label"": ""pizza""}",True,True,True,False,9506.5,
2,n057,"start a timer for ten minutes, not the five minute one I mentioned earlier, for pizza",multi_arg,hard,set_timer,"{""duration_minutes"": 10, ""label"": ""pizza""}","{""name"": ""set_timer"", ""arguments"": {""duration_minutes"": 10, ""label"": ""pizza""}}",set_timer,"{""duration_minutes"": 10, ""label"": ""pizza""}",True,True,True,False,8417.8,
3,n057,"start a timer for ten minutes, not the five minute one I mentioned earlier, for pizza",multi_arg,hard,set_timer,"{""duration_minutes"": 10, ""label"": ""pizza""}","{""name"": ""set_timer"", ""arguments"": {""duration_minutes"": 10, ""label"": ""pizza""}}",set_timer,"{""duration_minutes"": 10, ""label"": ""pizza""}",True,True,True,False,8682.7,
4,n057,"start a timer for ten minutes, not the five minute one I mentioned earlier, for pizza",multi_arg,hard,set_timer,"{""duration_minutes"": 10, ""label"": ""pizza""}","{""name"": ""set_timer"", ""arguments"": {""duration_minutes"": 10, ""label"": ""pizza""}}",set_timer,"{""duration_minutes"": 10, ""label"": ""pizza""}",True,True,True,False,9415.7,
5,n057,"start a timer for ten minutes, not the five minute one I mentioned earlier, for pizza",multi_arg,hard,set_timer,"{""duration_minutes"": 10, ""label"": ""pizza""}","{""name"": ""set_timer"", ""arguments"": {""duration_minutes"": 10, ""label"": ""pizza""}}",set_timer,"{""duration_minutes"": 10, ""label"": ""pizza""}",True,True,True,False,10123.8,
6,n057,"start a timer for ten minutes, not the five minute one I mentioned earlier, for pizza",multi_arg,hard,set_timer,"{""duration_minutes"": 10, ""label"": ""pizza""}","{""name"": ""set_timer"", ""arguments"": {""duration_minutes"": 10, ""label"": ""pizza""}}",set_timer,"{""duration_minutes"": 10, ""label"": ""pizza""}",True,True,True,False,9222.5,
7,n057,"start a timer for ten minutes, not the five minute one I mentioned earlier, for pizza",multi_arg,hard,set_timer,"{""duration_minutes"": 10, ""label"": ""pizza""}","{""name"": ""set_timer"", ""arguments"": {""duration_minutes"": 10, ""label"": ""pizza""}}",set_timer,"{""duration_minutes"": 10, ""label"": ""pizza""}",True,True,True,False,8757.2,
8,n057,"start a timer for ten minutes, not the five minute one I mentioned earlier, for pizza",multi_arg,hard,set_timer,"{""duration_minutes"": 10, ""label"": ""pizza""}","{""name"": ""set_timer"", ""arguments"": {""duration_minutes"": 10, ""label"": ""pizza""}}",set_timer,"{""duration_minutes"": 10, ""label"": ""pizza""}",True,True,True,False,9409.1,
1,n058,set a timer for two and a half minutes for the soft boiled egg,multi_arg,hard,set_timer,"{""duration_minutes"": 2.5, ""label"": ""the soft boiled egg""}","{""name"": ""set_timer"", ""arguments"": {""duration_minutes"": 2.5, ""label"": ""soft boiled egg""}}",set_timer,"{""duration_minutes"": 2.5, ""label"": ""soft boiled egg""}",True,True,True,False,9159.1,
2,n058,set a timer for two and a half minutes for the soft boiled egg,multi_arg,hard,set_timer,"{""duration_minutes"": 2.5, ""label"": ""the soft boiled egg""}","{""name"": ""set_timer"", ""arguments"": {""duration_minutes"": 2.5, ""label"": ""soft boiled egg""}}",set_timer,"{""duration_minutes"": 2.5, ""label"": ""soft boiled egg""}",True,True,True,False,8866.0,
3,n058,set a timer for two and a half minutes for the soft boiled egg,multi_arg,hard,set_timer,"{""duration_minutes"": 2.5, ""label"": ""the soft boiled egg""}","{""name"": ""set_timer"", ""arguments"": {""duration_minutes"": 2.5, ""label"": ""soft boiled egg""}}",set_timer,"{""duration_minutes"": 2.5, ""label"": ""soft boiled egg""}",True,True,True,False,8977.5,
4,n058,set a timer for two and a half minutes for the soft boiled egg,multi_arg,hard,set_timer,"{""duration_minutes"": 2.5, ""label"": ""the soft boiled egg""}","{""name"": ""set_timer"", ""arguments"": {""duration_minutes"": 2.5, ""label"": ""soft boiled egg""}}",set_timer,"{""duration_minutes"": 2.5, ""label"": ""soft boiled egg""}",True,True,True,False,9693.3,
5,n058,set a timer for two and a half minutes for the soft boiled egg,multi_arg,hard,set_timer,"{""duration_minutes"": 2.5, ""label"": ""the soft boiled egg""}","{""name"": ""set_timer"", ""arguments"": {""duration_minutes"": 2.5, ""label"": ""soft boiled egg""}}",set_timer,"{""duration_minutes"": 2.5, ""label"": ""soft boiled egg""}",True,True,True,False,8812.0,
6,n058,set a timer for two and a half minutes for the soft boiled egg,multi_arg,hard,set_timer,"{""duration_minutes"": 2.5, ""label"": ""the soft boiled egg""}","{""name"": ""set_timer"", ""arguments"": {""duration_minutes"": 2.5, ""label"": ""soft boiled egg""}}",set_timer,"{""duration_minutes"": 2.5, ""label"": ""soft boiled egg""}",True,True,True,False,8857.9,
7,n058,set a timer for two and a half minutes for the soft boiled egg,multi_arg,hard,set_timer,"{""duration_minutes"": 2.5, ""label"": ""the soft boiled egg""}","{""name"": ""set_timer"", ""arguments"": {""duration_minutes"": 2.5, ""label"": ""soft boiled egg""}}",set_timer,"{""duration_minutes"": 2.5, ""label"": ""soft boiled egg""}",True,True,True,False,10947.8,
8,n058,set a timer for two and a half minutes for the soft boiled egg,multi_arg,hard,set_timer,"{""duration_minutes"": 2.5, ""label"": ""the soft boiled egg""}","{""name"": ""set_timer"", ""arguments"": {""duration_minutes"": 2.5, ""label"": ""soft boiled egg""}}",set_timer,"{""duration_minutes"": 2.5, ""label"": ""soft boiled egg""}",True,True,True,False,7883.9,
1,n059,give me a timer for half an hour labeled 'yoga',multi_arg,hard,set_timer,"{""duration_minutes"": 30, ""label"": ""yoga""}","{""name"": ""set_timer"", ""arguments"": {""duration_minutes"": 30, ""label"": ""yoga""}}",set_timer,"{""duration_minutes"": 30, ""label"": ""yoga""}",True,True,True,False,8331.4,
2,n059,give me a timer for half an hour labeled 'yoga',multi_arg,hard,set_timer,"{""duration_minutes"": 30, ""label"": ""yoga""}","{""name"": ""set_timer"", ""arguments"": {""duration_minutes"": 30, ""label"": ""yoga""}}",set_timer,"{""duration_minutes"": 30, ""label"": ""yoga""}",True,True,True,False,8696.4,
3,n059,give me a timer for half an hour labeled 'yoga',multi_arg,hard,set_timer,"{""duration_minutes"": 30, ""label"": ""yoga""}","{""name"": ""set_timer"", ""arguments"": {""duration_minutes"": 30, ""label"": ""yoga""}}",set_timer,"{""duration_minutes"": 30, ""label"": ""yoga""}",True,True,True,False,9293.1,
4,n059,give me a timer for half an hour labeled 'yoga',multi_arg,hard,set_timer,"{""duration_minutes"": 30, ""label"": ""yoga""}","{""name"": ""set_timer"", ""arguments"": {""duration_minutes"": 30, ""label"": ""yoga""}}",set_timer,"{""duration_minutes"": 30, ""label"": ""yoga""}",True,True,True,False,11994.7,
5,n059,give me a timer for half an hour labeled 'yoga',multi_arg,hard,set_timer,"{""duration_minutes"": 30, ""label"": ""yoga""}","{""name"": ""set_timer"", ""arguments"": {""duration_minutes"": 30, ""label"": ""yoga""}}",set_timer,"{""duration_minutes"": 30, ""label"": ""yoga""}",True,True,True,False,9853.5,
6,n059,give me a timer for half an hour labeled 'yoga',multi_arg,hard,set_timer,"{""duration_minutes"": 30, ""label"": ""yoga""}","{""name"": ""set_timer"", ""arguments"": {""duration_minutes"": 30, ""label"": ""yoga""}}",set_timer,"{""duration_minutes"": 30, ""label"": ""yoga""}",True,True,True,False,8702.3,
7,n059,give me a timer for half an hour labeled 'yoga',multi_arg,hard,set_timer,"{""duration_minutes"": 30, ""label"": ""yoga""}","{""name"": ""set_timer"", ""arguments"": {""duration_minutes"": 30, ""label"": ""yoga""}}",set_timer,"{""duration_minutes"": 30, ""label"": ""yoga""}",True,True,True,False,9189.0,
8,n059,give me a timer for half an hour labeled 'yoga',multi_arg,hard,set_timer,"{""duration_minutes"": 30, ""label"": ""yoga""}","{""name"": ""set_timer"", ""arguments"": {""duration_minutes"": 30, ""label"": ""yoga""}}",set_timer,"{""duration_minutes"": 30, ""label"": ""yoga""}",True,True,True,False,9857.5,
1,n060,set a timer for 90 seconds to steep the green tea,multi_arg,hard,set_timer,"{""duration_minutes"": 1.5, ""label"": ""steep the green tea""}","{""name"": ""set_timer"", ""arguments"": {""duration_minutes"": 90, ""label"": ""steep green tea""}}",set_timer,"{""duration_minutes"": 90, ""label"": ""steep green tea""}",True,False,True,False,14256.7,
2,n060,set a timer for 90 seconds to steep the green tea,multi_arg,hard,set_timer,"{""duration_minutes"": 1.5, ""label"": ""steep the green tea""}","{""name"": ""set_timer"", ""arguments"": {""duration_minutes"": 1.5, ""label"": ""steep green tea""}}",set_timer,"{""duration_minutes"": 1.5, ""label"": ""steep green tea""}",True,False,True,False,18649.6,
3,n060,set a timer for 90 seconds to steep the green tea,multi_arg,hard,set_timer,"{""duration_minutes"": 1.5, ""label"": ""steep the green tea""}","{""name"": ""set_timer"", ""arguments"": {""duration_minutes"": 90, ""label"": ""steep green tea""}}",set_timer,"{""duration_minutes"": 90, ""label"": ""steep green tea""}",True,False,True,False,12538.8,
4,n060,set a timer for 90 seconds to steep the green tea,multi_arg,hard,set_timer,"{""duration_minutes"": 1.5, ""label"": ""steep the green tea""}","{""name"": ""set_timer"", ""arguments"": {""duration_minutes"": 1.5, ""label"": ""steep the green tea""}}",set_timer,"{""duration_minutes"": 1.5, ""label"": ""steep the green tea""}",True,True,True,False,10984.8,
5,n060,set a timer for 90 seconds to steep the green tea,multi_arg,hard,set_timer,"{""duration_minutes"": 1.5, ""label"": ""steep the green tea""}","{""name"": ""set_timer"", ""arguments"": {""duration_minutes"": 90, ""label"": ""steep green tea""}}",set_timer,"{""duration_minutes"": 90, ""label"": ""steep green tea""}",True,False,True,False,12989.2,
6,n060,set a timer for 90 seconds to steep the green tea,multi_arg,hard,set_timer,"{""duration_minutes"": 1.5, ""label"": ""steep the green tea""}","{""name"": ""set_timer"", ""arguments"": {""duration_minutes"": 1.5, ""label"": ""steep green tea""}}",set_timer,"{""duration_minutes"": 1.5, ""label"": ""steep green tea""}",True,False,True,False,12027.8,
7,n060,set a timer for 90 seconds to steep the green tea,multi_arg,hard,set_timer,"{""duration_minutes"": 1.5, ""label"": ""steep the green tea""}","{""name"": ""set_timer"", ""arguments"": {""duration_minutes"": 90, ""label"": ""steep green tea""}}",set_timer,"{""duration_minutes"": 90, ""label"": ""steep green tea""}",True,False,True,False,10653.0,
8,n060,set a timer for 90 seconds to steep the green tea,multi_arg,hard,set_timer,"{""duration_minutes"": 1.5, ""label"": ""steep the green tea""}","{""name"": ""set_timer"", ""arguments"": {""duration_minutes"": 90, ""label"": ""steep green tea""}}",set_timer,"{""duration_minutes"": 90, ""label"": ""steep green tea""}",True,False,True,False,10424.0,
1,n061,message Priya and say I'm running 10 minutes late,multi_arg,easy,send_message,"{""recipient"": ""Priya"", ""message"": ""I'm running 10 minutes late""}","{""name"": ""send_message"", ""arguments"": {""recipient"": ""Priya"", ""message"": ""I'm running 10 minutes late""}}",send_message,"{""recipient"": ""Priya"", ""message"": ""I'm running 10 minutes late""}",True,True,True,False,8522.3,
2,n061,message Priya and say I'm running 10 minutes late,multi_arg,easy,send_message,"{""recipient"": ""Priya"", ""message"": ""I'm running 10 minutes late""}","{""name"": ""send_message"", ""arguments"": {""recipient"": ""Priya"", ""message"": ""I'm running 10 minutes late.""}}",send_message,"{""recipient"": ""Priya"", ""message"": ""I'm running 10 minutes late.""}",True,True,True,False,10730.9,
3,n061,message Priya and say I'm running 10 minutes late,multi_arg,easy,send_message,"{""recipient"": ""Priya"", ""message"": ""I'm running 10 minutes late""}","{""name"": ""send_message"", ""arguments"": {""recipient"": ""Priya"", ""message"": ""I'm running 10 minutes late""}}",send_message,"{""recipient"": ""Priya"", ""message"": ""I'm running 10 minutes late""}",True,True,True,False,10000.1,
4,n061,message Priya and say I'm running 10 minutes late,multi_arg,easy,send_message,"{""recipient"": ""Priya"", ""message"": ""I'm running 10 minutes late""}","{""name"": ""send_message"", ""arguments"": {""recipient"": ""Priya"", ""message"": ""I'm running 10 minutes late.""}}",send_message,"{""recipient"": ""Priya"", ""message"": ""I'm running 10 minutes late.""}",True,True,True,False,14621.5,
5,n061,message Priya and say I'm running 10 minutes late,multi_arg,easy,send_message,"{""recipient"": ""Priya"", ""message"": ""I'm running 10 minutes late""}","{""name"": ""send_message"", ""arguments"": {""recipient"": ""Priya"", ""message"": ""I'm running 10 minutes late.""}}",send_message,"{""recipient"": ""Priya"", ""message"": ""I'm running 10 minutes late.""}",True,True,True,False,13686.3,
6,n061,message Priya and say I'm running 10 minutes late,multi_arg,easy,send_message,"{""recipient"": ""Priya"", ""message"": ""I'm running 10 minutes late""}","{""name"": ""send_message"", ""arguments"": {""recipient"": ""Priya"", ""message"": ""I'm running 10 minutes late""}}",send_message,"{""recipient"": ""Priya"", ""message"": ""I'm running 10 minutes late""}",True,True,True,False,11432.7,
7,n061,message Priya and say I'm running 10 minutes late,multi_arg,easy,send_message,"{""recipient"": ""Priya"", ""message"": ""I'm running 10 minutes late""}","{""name"": ""send_message"", ""arguments"": {""recipient"": ""Priya"", ""message"": ""I'm running 10 minutes late""}}",send_message,"{""recipient"": ""Priya"", ""message"": ""I'm running 10 minutes late""}",True,True,True,False,11629.0,
8,n061,message Priya and say I'm running 10 minutes late,multi_arg,easy,send_message,"{""recipient"": ""Priya"", ""message"": ""I'm running 10 minutes late""}","{""name"": ""send_message"", ""arguments"": {""recipient"": ""Priya"", ""message"": ""I'm running 10 minutes late""}}",send_message,"{""recipient"": ""Priya"", ""message"": ""I'm running 10 minutes late""}",True,True,True,False,10183.3,
1,n062,send Tom a text saying happy anniversary,multi_arg,easy,send_message,"{""recipient"": ""Tom"", ""message"": ""happy anniversary""}","{""name"": ""send_message"", ""arguments"": {""recipient"": ""Tom"", ""message"": ""happy anniversary""}}",send_message,"{""recipient"": ""Tom"", ""message"": ""happy anniversary""}",True,True,True,False,11542.6,
2,n062,send Tom a text saying happy anniversary,multi_arg,easy,send_message,"{""recipient"": ""Tom"", ""message"": ""happy anniversary""}","{""name"": ""send_message"", ""arguments"": {""recipient"": ""Tom"", ""message"": ""happy anniversary""}}",send_message,"{""recipient"": ""Tom"", ""message"": ""happy anniversary""}",True,True,True,False,7983.0,
3,n062,send Tom a text saying happy anniversary,multi_arg,easy,send_message,"{""recipient"": ""Tom"", ""message"": ""happy anniversary""}","{""name"": ""send_message"", ""arguments"": {""recipient"": ""Tom"", ""message"": ""happy anniversary""}}",send_message,"{""recipient"": ""Tom"", ""message"": ""happy anniversary""}",True,True,True,False,6843.8,
4,n062,send Tom a text saying happy anniversary,multi_arg,easy,send_message,"{""recipient"": ""Tom"", ""message"": ""happy anniversary""}","{""name"": ""send_message"", ""arguments"": {""recipient"": ""Tom"", ""message"": ""happy anniversary""}}",send_message,"{""recipient"": ""Tom"", ""message"": ""happy anniversary""}",True,True,True,False,8873.5,
5,n062,send Tom a text saying happy anniversary,multi_arg,easy,send_message,"{""recipient"": ""Tom"", ""message"": ""happy anniversary""}","{""name"": ""send_message"", ""arguments"": {""recipient"": ""Tom"", ""message"": ""happy anniversary""}}",send_message,"{""recipient"": ""Tom"", ""message"": ""happy anniversary""}",True,True,True,False,8014.0,
6,n062,send Tom a text saying happy anniversary,multi_arg,easy,send_message,"{""recipient"": ""Tom"", ""message"": ""happy anniversary""}","{""name"": ""send_message"", ""arguments"": {""recipient"": ""Tom"", ""message"": ""happy anniversary""}}",send_message,"{""recipient"": ""Tom"", ""message"": ""happy anniversary""}",True,True,True,False,8424.6,
7,n062,send Tom a text saying happy anniversary,multi_arg,easy,send_message,"{""recipient"": ""Tom"", ""message"": ""happy anniversary""}","{""name"": ""send_message"", ""arguments"": {""recipient"": ""Tom"", ""message"": ""happy anniversary""}}",send_message,"{""recipient"": ""Tom"", ""message"": ""happy anniversary""}",True,True,True,False,7892.0,
8,n062,send Tom a text saying happy anniversary,multi_arg,easy,send_message,"{""recipient"": ""Tom"", ""message"": ""happy anniversary""}","{""name"": ""send_message"", ""arguments"": {""recipient"": ""Tom"", ""message"": ""happy anniversary""}}",send_message,"{""recipient"": ""Tom"", ""message"": ""happy anniversary""}",True,True,True,False,9620.5,
1,n063,text Grace: see you at 7,multi_arg,easy,send_message,"{""recipient"": ""Grace"", ""message"": ""see you at 7""}","{""name"": ""send_message"", ""arguments"": {""recipient"": ""Grace"", ""message"": ""see you at 7""}}",send_message,"{""recipient"": ""Grace"", ""message"": ""see you at 7""}",True,True,True,False,9498.4,
2,n063,text Grace: see you at 7,multi_arg,easy,send_message,"{""recipient"": ""Grace"", ""message"": ""see you at 7""}","{""name"": ""set_timer"", ""arguments"": {""duration_minutes"": 7, ""label"": ""Grace""}}",set_timer,"{""duration_minutes"": 7, ""label"": ""Grace""}",False,False,True,False,8872.7,
3,n063,text Grace: see you at 7,multi_arg,easy,send_message,"{""recipient"": ""Grace"", ""message"": ""see you at 7""}","{""name"": ""send_message"", ""arguments"": {""recipient"": ""Grace"", ""message"": ""see you at 7""}}",send_message,"{""recipient"": ""Grace"", ""message"": ""see you at 7""}",True,True,True,False,10490.8,
4,n063,text Grace: see you at 7,multi_arg,easy,send_message,"{""recipient"": ""Grace"", ""message"": ""see you at 7""}","{""name"": ""send_message"", ""arguments"": {""recipient"": ""Grace"", ""message"": ""see you at 7""}}",send_message,"{""recipient"": ""Grace"", ""message"": ""see you at 7""}",True,True,True,False,8942.9,
5,n063,text Grace: see you at 7,multi_arg,easy,send_message,"{""recipient"": ""Grace"", ""message"": ""see you at 7""}","{""name"": ""send_message"", ""arguments"": {""recipient"": ""Grace"", ""message"": ""see you at 7""}}",send_message,"{""recipient"": ""Grace"", ""message"": ""see you at 7""}",True,True,True,False,11730.8,
6,n063,text Grace: see you at 7,multi_arg,easy,send_message,"{""recipient"": ""Grace"", ""message"": ""see you at 7""}","{""name"": ""set_timer"", ""arguments"": {""duration_minutes"": 7, ""label"": ""Grace""}}",set_timer,"{""duration_minutes"": 7, ""label"": ""Grace""}",False,False,True,False,19692.0,
7,n063,text Grace: see you at 7,multi_arg,easy,send_message,"{""recipient"": ""Grace"", ""message"": ""see you at 7""}","{""name"": ""send_message"", ""arguments"": {""recipient"": ""Grace"", ""message"": ""see you at 7""}}",send_message,"{""recipient"": ""Grace"", ""message"": ""see you at 7""}",True,True,True,False,11171.2,
8,n063,text Grace: see you at 7,multi_arg,easy,send_message,"{""recipient"": ""Grace"", ""message"": ""see you at 7""}","{""name"": ""send_message"", ""arguments"": {""recipient"": ""Grace"", ""message"": ""see you at 7""}}",send_message,"{""recipient"": ""Grace"", ""message"": ""see you at 7""}",True,True,True,False,12762.3,
1,n064,send a message to Noah saying good luck today,multi_arg,easy,send_message,"{""recipient"": ""Noah"", ""message"": ""good luck today""}","{""name"": ""send_message"", ""arguments"": {""recipient"": ""Noah"", ""message"": ""good luck today""}}",send_message,"{""recipient"": ""Noah"", ""message"": ""good luck today""}",True,True,True,False,10820.4,
2,n064,send a message to Noah saying good luck today,multi_arg,easy,send_message,"{""recipient"": ""Noah"", ""message"": ""good luck today""}","{""name"": ""send_message"", ""arguments"": {""recipient"": ""Noah"", ""message"": ""good luck today""}}",send_message,"{""recipient"": ""Noah"", ""message"": ""good luck today""}",True,True,True,False,13369.6,
3,n064,send a message to Noah saying good luck today,multi_arg,easy,send_message,"{""recipient"": ""Noah"", ""message"": ""good luck today""}","{""name"": ""send_message"", ""arguments"": {""recipient"": ""Noah"", ""message"": ""good luck today""}}",send_message,"{""recipient"": ""Noah"", ""message"": ""good luck today""}",True,True,True,False,11939.9,
4,n064,send a message to Noah saying good luck today,multi_arg,easy,send_message,"{""recipient"": ""Noah"", ""message"": ""good luck today""}","{""name"": ""send_message"", ""arguments"": {""recipient"": ""Noah"", ""message"": ""good luck today""}}",send_message,"{""recipient"": ""Noah"", ""message"": ""good luck today""}",True,True,True,False,14020.7,
5,n064,send a message to Noah saying good luck today,multi_arg,easy,send_message,"{""recipient"": ""Noah"", ""message"": ""good luck today""}","{""name"": ""send_message"", ""arguments"": {""recipient"": ""Noah"", ""message"": ""good luck today""}}",send_message,"{""recipient"": ""Noah"", ""message"": ""good luck today""}",True,True,True,False,9504.8,
6,n064,send a message to Noah saying good luck today,multi_arg,easy,send_message,"{""recipient"": ""Noah"", ""message"": ""good luck today""}","{""name"": ""send_message"", ""arguments"": {""recipient"": ""Noah"", ""message"": ""good luck today""}}",send_message,"{""recipient"": ""Noah"", ""message"": ""good luck today""}",True,True,True,False,12412.7,
7,n064,send a message to Noah saying good luck today,multi_arg,easy,send_message,"{""recipient"": ""Noah"", ""message"": ""good luck today""}","{""name"": ""send_message"", ""arguments"": {""recipient"": ""Noah"", ""message"": ""good luck today""}}",send_message,"{""recipient"": ""Noah"", ""message"": ""good luck today""}",True,True,True,False,11819.8,
8,n064,send a message to Noah saying good luck today,multi_arg,easy,send_message,"{""recipient"": ""Noah"", ""message"": ""good luck today""}","{""name"": ""send_message"", ""arguments"": {""recipient"": ""Noah"", ""message"": ""good luck today""}}",send_message,"{""recipient"": ""Noah"", ""message"": ""good luck today""}",True,True,True,False,12215.9,
1,n065,message Aunt Rita that dinner's ready,multi_arg,easy,send_message,"{""recipient"": ""Aunt Rita"", ""message"": ""dinner's ready""}","{""name"": ""send_message"", ""arguments"": {""recipient"": ""Aunt Rita"", ""message"": ""dinner's ready""}}",send_message,"{""recipient"": ""Aunt Rita"", ""message"": ""dinner's ready""}",True,True,True,False,15519.2,
2,n065,message Aunt Rita that dinner's ready,multi_arg,easy,send_message,"{""recipient"": ""Aunt Rita"", ""message"": ""dinner's ready""}","{""name"": ""send_message"", ""arguments"": {""recipient"": ""Aunt Rita"", ""message"": ""dinner's ready""}}",send_message,"{""recipient"": ""Aunt Rita"", ""message"": ""dinner's ready""}",True,True,True,False,13817.3,
3,n065,message Aunt Rita that dinner's ready,multi_arg,easy,send_message,"{""recipient"": ""Aunt Rita"", ""message"": ""dinner's ready""}","{""name"": ""send_message"", ""arguments"": {""recipient"": ""Aunt Rita"", ""message"": ""dinner's ready""}}",send_message,"{""recipient"": ""Aunt Rita"", ""message"": ""dinner's ready""}",True,True,True,False,11769.4,
4,n065,message Aunt Rita that dinner's ready,multi_arg,easy,send_message,"{""recipient"": ""Aunt Rita"", ""message"": ""dinner's ready""}","{""name"": ""send_message"", ""arguments"": {""recipient"": ""Aunt Rita"", ""message"": ""dinner's ready""}}",send_message,"{""recipient"": ""Aunt Rita"", ""message"": ""dinner's ready""}",True,True,True,False,12344.1,
5,n065,message Aunt Rita that dinner's ready,multi_arg,easy,send_message,"{""recipient"": ""Aunt Rita"", ""message"": ""dinner's ready""}","{""name"": ""send_message"", ""arguments"": {""recipient"": ""Aunt Rita"", ""message"": ""dinner's ready""}}",send_message,"{""recipient"": ""Aunt Rita"", ""message"": ""dinner's ready""}",True,True,True,False,10748.0,
6,n065,message Aunt Rita that dinner's ready,multi_arg,easy,send_message,"{""recipient"": ""Aunt Rita"", ""message"": ""dinner's ready""}","{""name"": ""send_message"", ""arguments"": {""recipient"": ""Aunt Rita"", ""message"": ""dinner's ready""}}",send_message,"{""recipient"": ""Aunt Rita"", ""message"": ""dinner's ready""}",True,True,True,False,11166.4,
7,n065,message Aunt Rita that dinner's ready,multi_arg,easy,send_message,"{""recipient"": ""Aunt Rita"", ""message"": ""dinner's ready""}","{""name"": ""send_message"", ""arguments"": {""recipient"": ""Aunt Rita"", ""message"": ""dinner's ready""}}",send_message,"{""recipient"": ""Aunt Rita"", ""message"": ""dinner's ready""}",True,True,True,False,13894.3,
8,n065,message Aunt Rita that dinner's ready,multi_arg,easy,send_message,"{""recipient"": ""Aunt Rita"", ""message"": ""dinner's ready""}","{""name"": ""send_message"", ""arguments"": {""recipient"": ""Aunt Rita"", ""message"": ""dinner's ready""}}",send_message,"{""recipient"": ""Aunt Rita"", ""message"": ""dinner's ready""}",True,True,True,False,11012.8,
1,n066,let Marcus know the flight got delayed,multi_arg,medium,send_message,"{""recipient"": ""Marcus"", ""message"": ""the flight got delayed""}","{""name"": ""send_message"", ""arguments"": {""recipient"": ""Marcus"", ""message"": ""Your flight has been delayed. Please check the details for the next departure time.""}}",send_message,"{""recipient"": ""Marcus"", ""message"": ""Your flight has been delayed. Please check the details for the next departure time.""}",True,False,True,False,11948.8,
2,n066,let Marcus know the flight got delayed,multi_arg,medium,send_message,"{""recipient"": ""Marcus"", ""message"": ""the flight got delayed""}","{""name"": ""send_message"", ""arguments"": {""recipient"": ""Marcus"", ""message"": ""Flight delayed!""}}",send_message,"{""recipient"": ""Marcus"", ""message"": ""Flight delayed!""}",True,False,True,False,14412.3,
3,n066,let Marcus know the flight got delayed,multi_arg,medium,send_message,"{""recipient"": ""Marcus"", ""message"": ""the flight got delayed""}","{""name"": ""send_message"", ""arguments"": {""recipient"": ""Marcus"", ""message"": ""flight got delayed""}}",send_message,"{""recipient"": ""Marcus"", ""message"": ""flight got delayed""}",True,True,True,False,13801.8,
4,n066,let Marcus know the flight got delayed,multi_arg,medium,send_message,"{""recipient"": ""Marcus"", ""message"": ""the flight got delayed""}","{""name"": ""send_message"", ""arguments"": {""recipient"": ""Marcus"", ""message"": ""Flight delayed""}}",send_message,"{""recipient"": ""Marcus"", ""message"": ""Flight delayed""}",True,False,True,False,10870.6,
5,n066,let Marcus know the flight got delayed,multi_arg,medium,send_message,"{""recipient"": ""Marcus"", ""message"": ""the flight got delayed""}","{""name"": ""send_message"", ""arguments"": {""recipient"": ""Marcus"", ""message"": ""Your flight has been delayed. Please check the details from your booking system.""}}",send_message,"{""recipient"": ""Marcus"", ""message"": ""Your flight has been delayed. Please check the details from your booking system.""}",True,False,True,False,10553.7,
6,n066,let Marcus know the flight got delayed,multi_arg,medium,send_message,"{""recipient"": ""Marcus"", ""message"": ""the flight got delayed""}","{""name"": ""send_message"", ""arguments"": {""recipient"": ""Marcus"", ""message"": ""Your flight has been delayed.""}}",send_message,"{""recipient"": ""Marcus"", ""message"": ""Your flight has been delayed.""}",True,False,True,False,9751.0,
7,n066,let Marcus know the flight got delayed,multi_arg,medium,send_message,"{""recipient"": ""Marcus"", ""message"": ""the flight got delayed""}","I don't have the capability to send messages directly, but I can help you schedule a flight or check the weather. Could you provide the flight details or the recipient's name?",,,False,False,True,False,10987.1,
8,n066,let Marcus know the flight got delayed,multi_arg,medium,send_message,"{""recipient"": ""Marcus"", ""message"": ""the flight got delayed""}","{""name"": ""send_message"", ""arguments"": {""recipient"": ""Marcus"", ""message"": ""The flight has been delayed.""}}",send_message,"{""recipient"": ""Marcus"", ""message"": ""The flight has been delayed.""}",True,False,True,False,11101.9,
1,n067,send a text to Dad: can you pick me up at 6,multi_arg,medium,send_message,"{""recipient"": ""Dad"", ""message"": ""can you pick me up at 6""}","{""name"": ""send_message"", ""arguments"": {""recipient"": ""Dad"", ""message"": ""can you pick me up at 6""}}",send_message,"{""recipient"": ""Dad"", ""message"": ""can you pick me up at 6""}",True,True,True,False,11677.3,
2,n067,send a text to Dad: can you pick me up at 6,multi_arg,medium,send_message,"{""recipient"": ""Dad"", ""message"": ""can you pick me up at 6""}","{""name"": ""send_message"", ""arguments"": {""recipient"": ""Dad"", ""message"": ""can you pick me up at 6""}}",send_message,"{""recipient"": ""Dad"", ""message"": ""can you pick me up at 6""}",True,True,True,False,13020.9,
3,n067,send a text to Dad: can you pick me up at 6,multi_arg,medium,send_message,"{""recipient"": ""Dad"", ""message"": ""can you pick me up at 6""}","{""name"": ""send_message"", ""arguments"": {""recipient"": ""Dad"", ""message"": ""can you pick me up at 6""}}",send_message,"{""recipient"": ""Dad"", ""message"": ""can you pick me up at 6""}",True,True,True,False,13467.5,
4,n067,send a text to Dad: can you pick me up at 6,multi_arg,medium,send_message,"{""recipient"": ""Dad"", ""message"": ""can you pick me up at 6""}","{""name"": ""send_message"", ""arguments"": {""recipient"": ""Dad"", ""message"": ""can you pick me up at 6""}}",send_message,"{""recipient"": ""Dad"", ""message"": ""can you pick me up at 6""}",True,True,True,False,10237.2,
5,n067,send a text to Dad: can you pick me up at 6,multi_arg,medium,send_message,"{""recipient"": ""Dad"", ""message"": ""can you pick me up at 6""}","{""name"": ""send_message"", ""arguments"": {""recipient"": ""Dad"", ""message"": ""can you pick me up at 6""}}",send_message,"{""recipient"": ""Dad"", ""message"": ""can you pick me up at 6""}",True,True,True,False,8669.6,
6,n067,send a text to Dad: can you pick me up at 6,multi_arg,medium,send_message,"{""recipient"": ""Dad"", ""message"": ""can you pick me up at 6""}","{""name"": ""send_message"", ""arguments"": {""recipient"": ""Dad"", ""message"": ""can you pick me up at 6""}}",send_message,"{""recipient"": ""Dad"", ""message"": ""can you pick me up at 6""}",True,True,True,False,12196.9,
7,n067,send a text to Dad: can you pick me up at 6,multi_arg,medium,send_message,"{""recipient"": ""Dad"", ""message"": ""can you pick me up at 6""}","{""name"": ""send_message"", ""arguments"": {""recipient"": ""Dad"", ""message"": ""can you pick me up at 6""}}",send_message,"{""recipient"": ""Dad"", ""message"": ""can you pick me up at 6""}",True,True,True,False,10329.7,
8,n067,send a text to Dad: can you pick me up at 6,multi_arg,medium,send_message,"{""recipient"": ""Dad"", ""message"": ""can you pick me up at 6""}","{""name"": ""send_message"", ""arguments"": {""recipient"": ""Dad"", ""message"": ""can you pick me up at 6""}}",send_message,"{""recipient"": ""Dad"", ""message"": ""can you pick me up at 6""}",True,True,True,False,8247.1,
1,n068,tell Elena I'll call her after work,multi_arg,medium,send_message,"{""recipient"": ""Elena"", ""message"": ""I'll call her after work""}",I can't make a call with the available tools. Let me know if there's something else I can assist you with!,,,False,False,True,False,10895.5,
2,n068,tell Elena I'll call her after work,multi_arg,medium,send_message,"{""recipient"": ""Elena"", ""message"": ""I'll call her after work""}",No tool is needed for this message.,,,False,False,True,False,10227.9,
3,n068,tell Elena I'll call her after work,multi_arg,medium,send_message,"{""recipient"": ""Elena"", ""message"": ""I'll call her after work""}","The user is informing Elena to call her after work, which is a direct communication. Since there is no specific action required with the tools provided, I will respond in plain text:

""Tell Elena I'll call her after work.""",,,False,False,True,False,11833.4,
4,n068,tell Elena I'll call her after work,multi_arg,medium,send_message,"{""recipient"": ""Elena"", ""message"": ""I'll call her after work""}",I'll call Elena after work.,,,False,False,True,False,10091.0,
5,n068,tell Elena I'll call her after work,multi_arg,medium,send_message,"{""recipient"": ""Elena"", ""message"": ""I'll call her after work""}",The tools provided do not include a function for sending messages or handling calls.,,,False,False,True,False,10731.1,
6,n068,tell Elena I'll call her after work,multi_arg,medium,send_message,"{""recipient"": ""Elena"", ""message"": ""I'll call her after work""}",I'll call Elena after work.,,,False,False,True,False,9155.7,
7,n068,tell Elena I'll call her after work,multi_arg,medium,send_message,"{""recipient"": ""Elena"", ""message"": ""I'll call her after work""}","{""name"": ""send_message"", ""arguments"": {""recipient"": ""Elena"", ""message"": ""I'll call her after work""}}",send_message,"{""recipient"": ""Elena"", ""message"": ""I'll call her after work""}",True,True,True,False,11324.5,
8,n068,tell Elena I'll call her after work,multi_arg,medium,send_message,"{""recipient"": ""Elena"", ""message"": ""I'll call her after work""}","You should use a tool that allows you to send a message, such as sending a text message to a recipient. Let me know if you'd like to set a timer or check the weather.",,,False,False,True,False,11315.8,
1,n069,"send message to Yuki, tell her the package arrived",multi_arg,medium,send_message,"{""recipient"": ""Yuki"", ""message"": ""the package arrived""}","{""name"": ""send_message"", ""arguments"": {""recipient"": ""Yuki"", ""message"": ""package arrived""}}",send_message,"{""recipient"": ""Yuki"", ""message"": ""package arrived""}",True,True,True,False,10180.8,
2,n069,"send message to Yuki, tell her the package arrived",multi_arg,medium,send_message,"{""recipient"": ""Yuki"", ""message"": ""the package arrived""}","{""name"": ""send_message"", ""arguments"": {""recipient"": ""Yuki"", ""message"": ""package arrived""}}",send_message,"{""recipient"": ""Yuki"", ""message"": ""package arrived""}",True,True,True,False,10300.3,
3,n069,"send message to Yuki, tell her the package arrived",multi_arg,medium,send_message,"{""recipient"": ""Yuki"", ""message"": ""the package arrived""}","{""name"": ""send_message"", ""arguments"": {""recipient"": ""Yuki"", ""message"": ""package arrived""}}",send_message,"{""recipient"": ""Yuki"", ""message"": ""package arrived""}",True,True,True,False,7712.0,
4,n069,"send message to Yuki, tell her the package arrived",multi_arg,medium,send_message,"{""recipient"": ""Yuki"", ""message"": ""the package arrived""}","{""name"": ""send_message"", ""arguments"": {""recipient"": ""Yuki"", ""message"": ""package arrived""}}",send_message,"{""recipient"": ""Yuki"", ""message"": ""package arrived""}",True,True,True,False,9120.4,
5,n069,"send message to Yuki, tell her the package arrived",multi_arg,medium,send_message,"{""recipient"": ""Yuki"", ""message"": ""the package arrived""}","{""name"": ""send_message"", ""arguments"": {""recipient"": ""Yuki"", ""message"": ""tell her the package arrived""}}",send_message,"{""recipient"": ""Yuki"", ""message"": ""tell her the package arrived""}",True,True,True,False,9611.7,
6,n069,"send message to Yuki, tell her the package arrived",multi_arg,medium,send_message,"{""recipient"": ""Yuki"", ""message"": ""the package arrived""}","{""name"": ""send_message"", ""arguments"": {""recipient"": ""Yuki"", ""message"": ""package arrived""}}",send_message,"{""recipient"": ""Yuki"", ""message"": ""package arrived""}",True,True,True,False,14490.2,
7,n069,"send message to Yuki, tell her the package arrived",multi_arg,medium,send_message,"{""recipient"": ""Yuki"", ""message"": ""the package arrived""}","{""name"": ""send_message"", ""arguments"": {""recipient"": ""Yuki"", ""message"": ""package arrived""}}",send_message,"{""recipient"": ""Yuki"", ""message"": ""package arrived""}",True,True,True,False,10061.6,
8,n069,"send message to Yuki, tell her the package arrived",multi_arg,medium,send_message,"{""recipient"": ""Yuki"", ""message"": ""the package arrived""}","{""name"": ""send_message"", ""arguments"": {""recipient"": ""Yuki"", ""message"": ""package arrived""}}",send_message,"{""recipient"": ""Yuki"", ""message"": ""package arrived""}",True,True,True,False,9617.3,
1,n070,text Ben and let him know I'm on my way,multi_arg,medium,send_message,"{""recipient"": ""Ben"", ""message"": ""I'm on my way""}","{""name"": ""send_message"", ""arguments"": {""recipient"": ""Ben"", ""message"": ""I'm on my way""}}",send_message,"{""recipient"": ""Ben"", ""message"": ""I'm on my way""}",True,True,True,False,11193.1,
2,n070,text Ben and let him know I'm on my way,multi_arg,medium,send_message,"{""recipient"": ""Ben"", ""message"": ""I'm on my way""}","{""name"": ""send_message"", ""arguments"": {""recipient"": ""Ben"", ""message"": ""I'm on my way""}}",send_message,"{""recipient"": ""Ben"", ""message"": ""I'm on my way""}",True,True,True,False,11110.3,
3,n070,text Ben and let him know I'm on my way,multi_arg,medium,send_message,"{""recipient"": ""Ben"", ""message"": ""I'm on my way""}","{""name"": ""send_message"", ""arguments"": {""recipient"": ""Ben"", ""message"": ""I'm on my way.""}}",send_message,"{""recipient"": ""Ben"", ""message"": ""I'm on my way.""}",True,True,True,False,10721.5,
4,n070,text Ben and let him know I'm on my way,multi_arg,medium,send_message,"{""recipient"": ""Ben"", ""message"": ""I'm on my way""}","{""name"": ""send_message"", ""arguments"": {""recipient"": ""Ben"", ""message"": ""I'm on my way""}}",send_message,"{""recipient"": ""Ben"", ""message"": ""I'm on my way""}",True,True,True,False,11987.7,
5,n070,text Ben and let him know I'm on my way,multi_arg,medium,send_message,"{""recipient"": ""Ben"", ""message"": ""I'm on my way""}","{""name"": ""send_message"", ""arguments"": {""recipient"": ""Ben"", ""message"": ""I'm on my way.""}}",send_message,"{""recipient"": ""Ben"", ""message"": ""I'm on my way.""}",True,True,True,False,12265.9,
6,n070,text Ben and let him know I'm on my way,multi_arg,medium,send_message,"{""recipient"": ""Ben"", ""message"": ""I'm on my way""}","{""name"": ""send_message"", ""arguments"": {""recipient"": ""Ben"", ""message"": ""I'm on my way.""}}",send_message,"{""recipient"": ""Ben"", ""message"": ""I'm on my way.""}",True,True,True,False,10744.3,
7,n070,text Ben and let him know I'm on my way,multi_arg,medium,send_message,"{""recipient"": ""Ben"", ""message"": ""I'm on my way""}","{""name"": ""send_message"", ""arguments"": {""recipient"": ""Ben"", ""message"": ""I'm on my way""}}",send_message,"{""recipient"": ""Ben"", ""message"": ""I'm on my way""}",True,True,True,False,9479.1,
8,n070,text Ben and let him know I'm on my way,multi_arg,medium,send_message,"{""recipient"": ""Ben"", ""message"": ""I'm on my way""}","{""name"": ""send_message"", ""arguments"": {""recipient"": ""Ben"", ""message"": ""I'm on my way""}}",send_message,"{""recipient"": ""Ben"", ""message"": ""I'm on my way""}",True,True,True,False,8108.6,
1,n071,message the landlord that the sink is leaking again,multi_arg,medium,send_message,"{""recipient"": ""landlord"", ""message"": ""the sink is leaking again""}","{""name"": ""send_message"", ""arguments"": {""recipient"": ""landlord"", ""message"": ""the sink is leaking again""}}",send_message,"{""recipient"": ""landlord"", ""message"": ""the sink is leaking again""}",True,True,True,False,7636.5,
2,n071,message the landlord that the sink is leaking again,multi_arg,medium,send_message,"{""recipient"": ""landlord"", ""message"": ""the sink is leaking again""}","{""name"": ""send_message"", ""arguments"": {""recipient"": ""landlord"", ""message"": ""The sink is leaking again.""}}",send_message,"{""recipient"": ""landlord"", ""message"": ""The sink is leaking again.""}",True,True,True,False,6973.8,
3,n071,message the landlord that the sink is leaking again,multi_arg,medium,send_message,"{""recipient"": ""landlord"", ""message"": ""the sink is leaking again""}","{""name"": ""send_message"", ""arguments"": {""recipient"": ""landlord"", ""message"": ""The sink is leaking again""}}",send_message,"{""recipient"": ""landlord"", ""message"": ""The sink is leaking again""}",True,True,True,False,6670.2,
4,n071,message the landlord that the sink is leaking again,multi_arg,medium,send_message,"{""recipient"": ""landlord"", ""message"": ""the sink is leaking again""}","{""name"": ""send_message"", ""arguments"": {""recipient"": ""landlord"", ""message"": ""The sink is leaking again.""}}",send_message,"{""recipient"": ""landlord"", ""message"": ""The sink is leaking again.""}",True,True,True,False,7122.7,
5,n071,message the landlord that the sink is leaking again,multi_arg,medium,send_message,"{""recipient"": ""landlord"", ""message"": ""the sink is leaking again""}","{""name"": ""send_message"", ""arguments"": {""recipient"": ""landlord"", ""message"": ""The sink is leaking again.""}}",send_message,"{""recipient"": ""landlord"", ""message"": ""The sink is leaking again.""}",True,True,True,False,6363.0,
6,n071,message the landlord that the sink is leaking again,multi_arg,medium,send_message,"{""recipient"": ""landlord"", ""message"": ""the sink is leaking again""}","{""name"": ""send_message"", ""arguments"": {""recipient"": ""landlord"", ""message"": ""The sink is leaking again.""}}",send_message,"{""recipient"": ""landlord"", ""message"": ""The sink is leaking again.""}",True,True,True,False,6123.9,
7,n071,message the landlord that the sink is leaking again,multi_arg,medium,send_message,"{""recipient"": ""landlord"", ""message"": ""the sink is leaking again""}","{""name"": ""send_message"", ""arguments"": {""recipient"": ""Landlord"", ""message"": ""The sink is leaking again.""}}",send_message,"{""recipient"": ""Landlord"", ""message"": ""The sink is leaking again.""}",True,True,True,False,6967.5,
8,n071,message the landlord that the sink is leaking again,multi_arg,medium,send_message,"{""recipient"": ""landlord"", ""message"": ""the sink is leaking again""}","{""name"": ""send_message"", ""arguments"": {""recipient"": ""landlord"", ""message"": ""the sink is leaking again""}}",send_message,"{""recipient"": ""landlord"", ""message"": ""the sink is leaking again""}",True,True,True,False,6205.6,
1,n072,can you tell Priya the report is done,multi_arg,medium,send_message,"{""recipient"": ""Priya"", ""message"": ""the report is done""}",The report is completed. Let me know if there's anything else you need!,,,False,False,True,False,6661.4,
2,n072,can you tell Priya the report is done,multi_arg,medium,send_message,"{""recipient"": ""Priya"", ""message"": ""the report is done""}",The assistant can't perform this action with the provided tools.,,,False,False,True,False,7499.2,
3,n072,can you tell Priya the report is done,multi_arg,medium,send_message,"{""recipient"": ""Priya"", ""message"": ""the report is done""}",The report is complete. Let me know if there's anything else I can assist with!,,,False,False,True,False,8248.4,
4,n072,can you tell Priya the report is done,multi_arg,medium,send_message,"{""recipient"": ""Priya"", ""message"": ""the report is done""}",The report is completed. Please let me know if there's anything else you need!,,,False,False,True,False,6875.2,
5,n072,can you tell Priya the report is done,multi_arg,medium,send_message,"{""recipient"": ""Priya"", ""message"": ""the report is done""}",I don't have access to tools that can update reports or inform users of task completion. Let me know if there's something else I can assist with!,,,False,False,True,False,6229.1,
6,n072,can you tell Priya the report is done,multi_arg,medium,send_message,"{""recipient"": ""Priya"", ""message"": ""the report is done""}",The report is now complete. Let me know if there's anything else I can assist with!,,,False,False,True,False,8187.1,
7,n072,can you tell Priya the report is done,multi_arg,medium,send_message,"{""recipient"": ""Priya"", ""message"": ""the report is done""}",The report is done. Let me know if there's anything else I can assist with!,,,False,False,True,False,7220.3,
8,n072,can you tell Priya the report is done,multi_arg,medium,send_message,"{""recipient"": ""Priya"", ""message"": ""the report is done""}",The provided tools do not include any functions for reporting status or informing users. No tool is needed for this request.,,,False,False,True,False,8762.6,
1,n073,send a quick text to Owen saying thanks for today,multi_arg,medium,send_message,"{""recipient"": ""Owen"", ""message"": ""thanks for today""}","{""name"": ""send_message"", ""arguments"": {""recipient"": ""Owen"", ""message"": ""Thanks for today!""}}",send_message,"{""recipient"": ""Owen"", ""message"": ""Thanks for today!""}",True,True,True,False,7350.8,
2,n073,send a quick text to Owen saying thanks for today,multi_arg,medium,send_message,"{""recipient"": ""Owen"", ""message"": ""thanks for today""}","{""name"": ""send_message"", ""arguments"": {""recipient"": ""Owen"", ""message"": ""thanks for today""}}",send_message,"{""recipient"": ""Owen"", ""message"": ""thanks for today""}",True,True,True,False,8221.4,
3,n073,send a quick text to Owen saying thanks for today,multi_arg,medium,send_message,"{""recipient"": ""Owen"", ""message"": ""thanks for today""}","{""name"": ""send_message"", ""arguments"": {""recipient"": ""Owen"", ""message"": ""thanks for today""}}",send_message,"{""recipient"": ""Owen"", ""message"": ""thanks for today""}",True,True,True,False,16948.9,
4,n073,send a quick text to Owen saying thanks for today,multi_arg,medium,send_message,"{""recipient"": ""Owen"", ""message"": ""thanks for today""}","{""name"": ""send_message"", ""arguments"": {""recipient"": ""Owen"", ""message"": ""thanks for today""}}",send_message,"{""recipient"": ""Owen"", ""message"": ""thanks for today""}",True,True,True,False,8354.8,
5,n073,send a quick text to Owen saying thanks for today,multi_arg,medium,send_message,"{""recipient"": ""Owen"", ""message"": ""thanks for today""}","{""name"": ""send_message"", ""arguments"": {""recipient"": ""Owen"", ""message"": ""thanks for today""}}",send_message,"{""recipient"": ""Owen"", ""message"": ""thanks for today""}",True,True,True,False,13779.9,
6,n073,send a quick text to Owen saying thanks for today,multi_arg,medium,send_message,"{""recipient"": ""Owen"", ""message"": ""thanks for today""}","{""name"": ""send_message"", ""arguments"": {""recipient"": ""Owen"", ""message"": ""thanks for today""}}",send_message,"{""recipient"": ""Owen"", ""message"": ""thanks for today""}",True,True,True,False,10799.2,
7,n073,send a quick text to Owen saying thanks for today,multi_arg,medium,send_message,"{""recipient"": ""Owen"", ""message"": ""thanks for today""}","{""name"": ""send_message"", ""arguments"": {""recipient"": ""Owen"", ""message"": ""thanks for today""}}",send_message,"{""recipient"": ""Owen"", ""message"": ""thanks for today""}",True,True,True,False,7179.6,
8,n073,send a quick text to Owen saying thanks for today,multi_arg,medium,send_message,"{""recipient"": ""Owen"", ""message"": ""thanks for today""}","{""name"": ""send_message"", ""arguments"": {""recipient"": ""Owen"", ""message"": ""Thanks for today!""}}",send_message,"{""recipient"": ""Owen"", ""message"": ""Thanks for today!""}",True,True,True,False,9249.5,
1,n074,message Sophie: running 5 minutes behind schedule,multi_arg,medium,send_message,"{""recipient"": ""Sophie"", ""message"": ""running 5 minutes behind schedule""}","{""name"": ""set_timer"", ""arguments"": {""duration_minutes"": 5, ""label"": ""Sophie""}}",set_timer,"{""duration_minutes"": 5, ""label"": ""Sophie""}",False,False,True,False,7665.6,
2,n074,message Sophie: running 5 minutes behind schedule,multi_arg,medium,send_message,"{""recipient"": ""Sophie"", ""message"": ""running 5 minutes behind schedule""}","{""name"": ""set_timer"", ""arguments"": {""duration_minutes"": 5, ""label"": ""running 5 minutes behind schedule""}}",set_timer,"{""duration_minutes"": 5, ""label"": ""running 5 minutes behind schedule""}",False,False,True,False,6325.2,
3,n074,message Sophie: running 5 minutes behind schedule,multi_arg,medium,send_message,"{""recipient"": ""Sophie"", ""message"": ""running 5 minutes behind schedule""}","{""name"": ""send_message"", ""arguments"": {""recipient"": ""Sophie"", ""message"": ""running 5 minutes behind schedule""}}",send_message,"{""recipient"": ""Sophie"", ""message"": ""running 5 minutes behind schedule""}",True,True,True,False,15232.1,
4,n074,message Sophie: running 5 minutes behind schedule,multi_arg,medium,send_message,"{""recipient"": ""Sophie"", ""message"": ""running 5 minutes behind schedule""}","{""name"": ""set_timer"", ""arguments"": {""duration_minutes"": 5, ""label"": ""5 minutes""}}",set_timer,"{""duration_minutes"": 5, ""label"": ""5 minutes""}",False,False,True,False,7362.6,
5,n074,message Sophie: running 5 minutes behind schedule,multi_arg,medium,send_message,"{""recipient"": ""Sophie"", ""message"": ""running 5 minutes behind schedule""}","{""name"": ""send_message"", ""arguments"": {""recipient"": ""Sophie"", ""message"": ""running 5 minutes behind schedule""}}",send_message,"{""recipient"": ""Sophie"", ""message"": ""running 5 minutes behind schedule""}",True,True,True,False,7154.6,
6,n074,message Sophie: running 5 minutes behind schedule,multi_arg,medium,send_message,"{""recipient"": ""Sophie"", ""message"": ""running 5 minutes behind schedule""}","{""name"": ""set_timer"", ""arguments"": {""duration_minutes"": 5, ""label"": ""running 5 minutes behind schedule""}}",set_timer,"{""duration_minutes"": 5, ""label"": ""running 5 minutes behind schedule""}",False,False,True,False,7396.8,
7,n074,message Sophie: running 5 minutes behind schedule,multi_arg,medium,send_message,"{""recipient"": ""Sophie"", ""message"": ""running 5 minutes behind schedule""}","{""name"": ""set_timer"", ""arguments"": {""duration_minutes"": 5, ""label"": ""Sophie""}}",set_timer,"{""duration_minutes"": 5, ""label"": ""Sophie""}",False,False,True,False,6749.5,
8,n074,message Sophie: running 5 minutes behind schedule,multi_arg,medium,send_message,"{""recipient"": ""Sophie"", ""message"": ""running 5 minutes behind schedule""}","{""name"": ""set_timer"", ""arguments"": {""duration_minutes"": 5, ""label"": ""Sophie""}}",set_timer,"{""duration_minutes"": 5, ""label"": ""Sophie""}",False,False,True,False,6531.4,
1,n075,let coach know I can't make practice tonight,multi_arg,medium,send_message,"{""recipient"": ""coach"", ""message"": ""I can't make practice tonight""}","{""name"": ""send_message"", ""arguments"": {""recipient"": ""coach"", ""message"": ""I can't make practice tonight""}}",send_message,"{""recipient"": ""coach"", ""message"": ""I can't make practice tonight""}",True,True,True,False,7964.6,
2,n075,let coach know I can't make practice tonight,multi_arg,medium,send_message,"{""recipient"": ""coach"", ""message"": ""I can't make practice tonight""}","{""name"": ""send_message"", ""arguments"": {""recipient"": ""coach"", ""message"": ""can't make practice tonight""}}",send_message,"{""recipient"": ""coach"", ""message"": ""can't make practice tonight""}",True,True,True,False,8358.3,
3,n075,let coach know I can't make practice tonight,multi_arg,medium,send_message,"{""recipient"": ""coach"", ""message"": ""I can't make practice tonight""}",I don't have the capability to send messages to people or inform coaches with the available tools. Would you like assistance with something else?,,,False,False,True,False,7398.8,
4,n075,let coach know I can't make practice tonight,multi_arg,medium,send_message,"{""recipient"": ""coach"", ""message"": ""I can't make practice tonight""}",You can send a message to the coach using the send_message function. Let me know the recipient's name and the message you'd like to send.,,,False,False,True,False,7571.1,
5,n075,let coach know I can't make practice tonight,multi_arg,medium,send_message,"{""recipient"": ""coach"", ""message"": ""I can't make practice tonight""}","{""name"": ""send_message"", ""arguments"": {""recipient"": ""coach"", ""message"": ""I can't make practice tonight.""}}",send_message,"{""recipient"": ""coach"", ""message"": ""I can't make practice tonight.""}",True,True,True,False,7235.5,
6,n075,let coach know I can't make practice tonight,multi_arg,medium,send_message,"{""recipient"": ""coach"", ""message"": ""I can't make practice tonight""}",The user's message is a general request to inform a coach about an absence. There is no specific tool needed to handle this request.,,,False,False,True,False,10265.0,
7,n075,let coach know I can't make practice tonight,multi_arg,medium,send_message,"{""recipient"": ""coach"", ""message"": ""I can't make practice tonight""}",The request cannot be addressed with the provided tools.,,,False,False,True,False,8309.9,
8,n075,let coach know I can't make practice tonight,multi_arg,medium,send_message,"{""recipient"": ""coach"", ""message"": ""I can't make practice tonight""}",You're not using any tool here. I can't send a message to a coach directly. Let me know if there's anything else I can help with!,,,False,False,True,False,8596.0,
1,n076,"text Marco exactly this: 'don't forget the tickets, they're in the drawer'",multi_arg,hard,send_message,"{""recipient"": ""Marco"", ""message"": ""don't forget the tickets, they're in the drawer""}","{""name"": ""send_message"", ""arguments"": {""recipient"": ""Marco"", ""message"": ""don't forget the tickets, they're in the drawer""}}",send_message,"{""recipient"": ""Marco"", ""message"": ""don't forget the tickets, they're in the drawer""}",True,True,True,False,7636.5,
2,n076,"text Marco exactly this: 'don't forget the tickets, they're in the drawer'",multi_arg,hard,send_message,"{""recipient"": ""Marco"", ""message"": ""don't forget the tickets, they're in the drawer""}","{""name"": ""send_message"", ""arguments"": {""recipient"": ""Marco"", ""message"": ""don't forget the tickets, they're in the drawer""}}",send_message,"{""recipient"": ""Marco"", ""message"": ""don't forget the tickets, they're in the drawer""}",True,True,True,False,6528.5,
3,n076,"text Marco exactly this: 'don't forget the tickets, they're in the drawer'",multi_arg,hard,send_message,"{""recipient"": ""Marco"", ""message"": ""don't forget the tickets, they're in the drawer""}","{""name"": ""send_message"", ""arguments"": {""recipient"": ""Marco"", ""message"": ""don't forget the tickets, they're in the drawer""}}",send_message,"{""recipient"": ""Marco"", ""message"": ""don't forget the tickets, they're in the drawer""}",True,True,True,False,6545.2,
4,n076,"text Marco exactly this: 'don't forget the tickets, they're in the drawer'",multi_arg,hard,send_message,"{""recipient"": ""Marco"", ""message"": ""don't forget the tickets, they're in the drawer""}","{""name"": ""send_message"", ""arguments"": {""recipient"": ""Marco"", ""message"": ""don't forget the tickets, they're in the drawer""}}",send_message,"{""recipient"": ""Marco"", ""message"": ""don't forget the tickets, they're in the drawer""}",True,True,True,False,6801.7,
5,n076,"text Marco exactly this: 'don't forget the tickets, they're in the drawer'",multi_arg,hard,send_message,"{""recipient"": ""Marco"", ""message"": ""don't forget the tickets, they're in the drawer""}","{""name"": ""send_message"", ""arguments"": {""recipient"": ""Marco"", ""message"": ""don't forget the tickets, they're in the drawer""}}",send_message,"{""recipient"": ""Marco"", ""message"": ""don't forget the tickets, they're in the drawer""}",True,True,True,False,7705.7,
6,n076,"text Marco exactly this: 'don't forget the tickets, they're in the drawer'",multi_arg,hard,send_message,"{""recipient"": ""Marco"", ""message"": ""don't forget the tickets, they're in the drawer""}","{""name"": ""send_message"", ""arguments"": {""recipient"": ""Marco"", ""message"": ""don't forget the tickets, they're in the drawer""}}",send_message,"{""recipient"": ""Marco"", ""message"": ""don't forget the tickets, they're in the drawer""}",True,True,True,False,7002.6,
7,n076,"text Marco exactly this: 'don't forget the tickets, they're in the drawer'",multi_arg,hard,send_message,"{""recipient"": ""Marco"", ""message"": ""don't forget the tickets, they're in the drawer""}","{""name"": ""send_message"", ""arguments"": {""recipient"": ""Marco"", ""message"": ""don't forget the tickets, they're in the drawer""}}",send_message,"{""recipient"": ""Marco"", ""message"": ""don't forget the tickets, they're in the drawer""}",True,True,True,False,7088.1,
8,n076,"text Marco exactly this: 'don't forget the tickets, they're in the drawer'",multi_arg,hard,send_message,"{""recipient"": ""Marco"", ""message"": ""don't forget the tickets, they're in the drawer""}","{""name"": ""send_message"", ""arguments"": {""recipient"": ""Marco"", ""message"": ""don't forget the tickets, they're in the drawer""}}",send_message,"{""recipient"": ""Marco"", ""message"": ""don't forget the tickets, they're in the drawer""}",True,True,True,False,6164.0,
1,n077,I was going to message Liam but actually send this to Noah instead: the venue changed to the downtown location,multi_arg,hard,send_message,"{""recipient"": ""Noah"", ""message"": ""the venue changed to the downtown location""}","{""name"": ""send_message"", ""arguments"": {""recipient"": ""Noah"", ""message"": ""the venue changed to the downtown location""}}",send_message,"{""recipient"": ""Noah"", ""message"": ""the venue changed to the downtown location""}",True,True,True,False,7842.5,
2,n077,I was going to message Liam but actually send this to Noah instead: the venue changed to the downtown location,multi_arg,hard,send_message,"{""recipient"": ""Noah"", ""message"": ""the venue changed to the downtown location""}","{""name"": ""send_message"", ""arguments"": {""recipient"": ""Noah"", ""message"": ""the venue changed to the downtown location""}}",send_message,"{""recipient"": ""Noah"", ""message"": ""the venue changed to the downtown location""}",True,True,True,False,10383.5,
3,n077,I was going to message Liam but actually send this to Noah instead: the venue changed to the downtown location,multi_arg,hard,send_message,"{""recipient"": ""Noah"", ""message"": ""the venue changed to the downtown location""}","{""name"": ""send_message"", ""arguments"": {""recipient"": ""Noah"", ""message"": ""the venue changed to the downtown location""}}",send_message,"{""recipient"": ""Noah"", ""message"": ""the venue changed to the downtown location""}",True,True,True,False,7605.2,
4,n077,I was going to message Liam but actually send this to Noah instead: the venue changed to the downtown location,multi_arg,hard,send_message,"{""recipient"": ""Noah"", ""message"": ""the venue changed to the downtown location""}","{""name"": ""send_message"", ""arguments"": {""recipient"": ""Noah"", ""message"": ""the venue changed to the downtown location""}}",send_message,"{""recipient"": ""Noah"", ""message"": ""the venue changed to the downtown location""}",True,True,True,False,8123.9,
5,n077,I was going to message Liam but actually send this to Noah instead: the venue changed to the downtown location,multi_arg,hard,send_message,"{""recipient"": ""Noah"", ""message"": ""the venue changed to the downtown location""}","{""name"": ""send_message"", ""arguments"": {""recipient"": ""Noah"", ""message"": ""the venue changed to downtown...""}}",send_message,"{""recipient"": ""Noah"", ""message"": ""the venue changed to downtown...""}",True,False,True,False,8026.3,
6,n077,I was going to message Liam but actually send this to Noah instead: the venue changed to the downtown location,multi_arg,hard,send_message,"{""recipient"": ""Noah"", ""message"": ""the venue changed to the downtown location""}","{""name"": ""send_message"", ""arguments"": {""recipient"": ""Noah"", ""message"": ""the venue changed to downtown""}}",send_message,"{""recipient"": ""Noah"", ""message"": ""the venue changed to downtown""}",True,False,True,False,7065.9,
7,n077,I was going to message Liam but actually send this to Noah instead: the venue changed to the downtown location,multi_arg,hard,send_message,"{""recipient"": ""Noah"", ""message"": ""the venue changed to the downtown location""}","{""name"": ""send_message"", ""arguments"": {""recipient"": ""Noah"", ""message"": ""the venue changed to the downtown location""}}",send_message,"{""recipient"": ""Noah"", ""message"": ""the venue changed to the downtown location""}",True,True,True,False,8516.6,
8,n077,I was going to message Liam but actually send this to Noah instead: the venue changed to the downtown location,multi_arg,hard,send_message,"{""recipient"": ""Noah"", ""message"": ""the venue changed to the downtown location""}","{""name"": ""send_message"", ""arguments"": {""recipient"": ""Noah"", ""message"": ""the venue changed to the downtown location""}}",send_message,"{""recipient"": ""Noah"", ""message"": ""the venue changed to the downtown location""}",True,True,True,False,7337.6,
1,n078,message my brother-in-law Karim and say 'congrats on the new job!!',multi_arg,hard,send_message,"{""recipient"": ""Karim"", ""message"": ""congrats on the new job!!""}","{""name"": ""send_message"", ""arguments"": {""recipient"": ""Karim"", ""message"": ""congrats on the new job!!""}}",send_message,"{""recipient"": ""Karim"", ""message"": ""congrats on the new job!!""}",True,True,True,False,6336.2,
2,n078,message my brother-in-law Karim and say 'congrats on the new job!!',multi_arg,hard,send_message,"{""recipient"": ""Karim"", ""message"": ""congrats on the new job!!""}","{""name"": ""send_message"", ""arguments"": {""recipient"": ""Karim"", ""message"": ""congrats on the new job!!""}}",send_message,"{""recipient"": ""Karim"", ""message"": ""congrats on the new job!!""}",True,True,True,False,6221.5,
3,n078,message my brother-in-law Karim and say 'congrats on the new job!!',multi_arg,hard,send_message,"{""recipient"": ""Karim"", ""message"": ""congrats on the new job!!""}","{""name"": ""send_message"", ""arguments"": {""recipient"": ""Karim"", ""message"": ""congrats on the new job!!""}}",send_message,"{""recipient"": ""Karim"", ""message"": ""congrats on the new job!!""}",True,True,True,False,6031.9,
4,n078,message my brother-in-law Karim and say 'congrats on the new job!!',multi_arg,hard,send_message,"{""recipient"": ""Karim"", ""message"": ""congrats on the new job!!""}","{""name"": ""send_message"", ""arguments"": {""recipient"": ""Karim"", ""message"": ""congrats on the new job!!""}}",send_message,"{""recipient"": ""Karim"", ""message"": ""congrats on the new job!!""}",True,True,True,False,6250.2,
5,n078,message my brother-in-law Karim and say 'congrats on the new job!!',multi_arg,hard,send_message,"{""recipient"": ""Karim"", ""message"": ""congrats on the new job!!""}","{""name"": ""send_message"", ""arguments"": {""recipient"": ""Karim"", ""message"": ""congrats on the new job!!""}}",send_message,"{""recipient"": ""Karim"", ""message"": ""congrats on the new job!!""}",True,True,True,False,5879.2,
6,n078,message my brother-in-law Karim and say 'congrats on the new job!!',multi_arg,hard,send_message,"{""recipient"": ""Karim"", ""message"": ""congrats on the new job!!""}","{""name"": ""send_message"", ""arguments"": {""recipient"": ""Karim"", ""message"": ""congrats on the new job!!""}}",send_message,"{""recipient"": ""Karim"", ""message"": ""congrats on the new job!!""}",True,True,True,False,6321.8,
7,n078,message my brother-in-law Karim and say 'congrats on the new job!!',multi_arg,hard,send_message,"{""recipient"": ""Karim"", ""message"": ""congrats on the new job!!""}","{""name"": ""send_message"", ""arguments"": {""recipient"": ""Karim"", ""message"": ""congrats on the new job!!""}}",send_message,"{""recipient"": ""Karim"", ""message"": ""congrats on the new job!!""}",True,True,True,False,6056.5,
8,n078,message my brother-in-law Karim and say 'congrats on the new job!!',multi_arg,hard,send_message,"{""recipient"": ""Karim"", ""message"": ""congrats on the new job!!""}","{""name"": ""send_message"", ""arguments"": {""recipient"": ""Karim"", ""message"": ""congrats on the new job!!""}}",send_message,"{""recipient"": ""Karim"", ""message"": ""congrats on the new job!!""}",True,True,True,False,6040.9,
1,n079,send Priyanka a message that just says ok,multi_arg,hard,send_message,"{""recipient"": ""Priyanka"", ""message"": ""ok""}","{""name"": ""send_message"", ""arguments"": {""recipient"": ""Priyanka"", ""message"": ""ok""}}",send_message,"{""recipient"": ""Priyanka"", ""message"": ""ok""}",True,True,True,False,6296.3,
2,n079,send Priyanka a message that just says ok,multi_arg,hard,send_message,"{""recipient"": ""Priyanka"", ""message"": ""ok""}","{""name"": ""send_message"", ""arguments"": {""recipient"": ""Priyanka"", ""message"": ""ok""}}",send_message,"{""recipient"": ""Priyanka"", ""message"": ""ok""}",True,True,True,False,6028.2,
3,n079,send Priyanka a message that just says ok,multi_arg,hard,send_message,"{""recipient"": ""Priyanka"", ""message"": ""ok""}","{""name"": ""send_message"", ""arguments"": {""recipient"": ""Priyanka"", ""message"": ""ok""}}",send_message,"{""recipient"": ""Priyanka"", ""message"": ""ok""}",True,True,True,False,5798.0,
4,n079,send Priyanka a message that just says ok,multi_arg,hard,send_message,"{""recipient"": ""Priyanka"", ""message"": ""ok""}","{""name"": ""send_message"", ""arguments"": {""recipient"": ""Priyanka"", ""message"": ""ok""}}",send_message,"{""recipient"": ""Priyanka"", ""message"": ""ok""}",True,True,True,False,5633.7,
5,n079,send Priyanka a message that just says ok,multi_arg,hard,send_message,"{""recipient"": ""Priyanka"", ""message"": ""ok""}","{""name"": ""send_message"", ""arguments"": {""recipient"": ""Priyanka"", ""message"": ""ok""}}",send_message,"{""recipient"": ""Priyanka"", ""message"": ""ok""}",True,True,True,False,5899.6,
6,n079,send Priyanka a message that just says ok,multi_arg,hard,send_message,"{""recipient"": ""Priyanka"", ""message"": ""ok""}","{""name"": ""send_message"", ""arguments"": {""recipient"": ""Priyanka"", ""message"": ""ok""}}",send_message,"{""recipient"": ""Priyanka"", ""message"": ""ok""}",True,True,True,False,6483.7,
7,n079,send Priyanka a message that just says ok,multi_arg,hard,send_message,"{""recipient"": ""Priyanka"", ""message"": ""ok""}","{""name"": ""send_message"", ""arguments"": {""recipient"": ""Priyanka"", ""message"": ""ok""}}",send_message,"{""recipient"": ""Priyanka"", ""message"": ""ok""}",True,True,True,False,6150.9,
8,n079,send Priyanka a message that just says ok,multi_arg,hard,send_message,"{""recipient"": ""Priyanka"", ""message"": ""ok""}","{""name"": ""send_message"", ""arguments"": {""recipient"": ""Priyanka"", ""message"": ""ok""}}",send_message,"{""recipient"": ""Priyanka"", ""message"": ""ok""}",True,True,True,False,6043.9,
1,n080,text both... actually just Diego for now: meeting moved to Friday,multi_arg,hard,send_message,"{""recipient"": ""Diego"", ""message"": ""meeting moved to Friday""}","{""name"": ""send_message"", ""arguments"": {""recipient"": ""Diego"", ""message"": ""Meeting with Diego: Friday.""}}",send_message,"{""recipient"": ""Diego"", ""message"": ""Meeting with Diego: Friday.""}",True,False,True,False,5970.7,
2,n080,text both... actually just Diego for now: meeting moved to Friday,multi_arg,hard,send_message,"{""recipient"": ""Diego"", ""message"": ""meeting moved to Friday""}",,send_message,"{""recipient"": ""Diego"", ""message"": ""meeting moved to Friday""}",True,True,True,False,7712.6,
3,n080,text both... actually just Diego for now: meeting moved to Friday,multi_arg,hard,send_message,"{""recipient"": ""Diego"", ""message"": ""meeting moved to Friday""}","{""name"": ""send_message"", ""arguments"": {""recipient"": ""Diego"", ""message"": ""meeting moved to Friday /think""}}",send_message,"{""recipient"": ""Diego"", ""message"": ""meeting moved to Friday /think""}",True,True,True,False,7119.7,
4,n080,text both... actually just Diego for now: meeting moved to Friday,multi_arg,hard,send_message,"{""recipient"": ""Diego"", ""message"": ""meeting moved to Friday""}","{""name"": ""send_message"", ""arguments"": {""recipient"": ""Diego"", ""message"": ""both... actually just Diego for now: meeting moved to Friday""}}",send_message,"{""recipient"": ""Diego"", ""message"": ""both... actually just Diego for now: meeting moved to Friday""}",True,True,True,False,6573.1,
5,n080,text both... actually just Diego for now: meeting moved to Friday,multi_arg,hard,send_message,"{""recipient"": ""Diego"", ""message"": ""meeting moved to Friday""}","{""name"": ""send_message"", ""arguments"": {""recipient"": ""Diego"", ""message"": ""meeting moved to Friday""}}",send_message,"{""recipient"": ""Diego"", ""message"": ""meeting moved to Friday""}",True,True,True,False,7826.0,
6,n080,text both... actually just Diego for now: meeting moved to Friday,multi_arg,hard,send_message,"{""recipient"": ""Diego"", ""message"": ""meeting moved to Friday""}","{""name"": ""send_message"", ""arguments"": {""recipient"": ""Diego"", ""message"": ""meeting moved to Friday""}}",send_message,"{""recipient"": ""Diego"", ""message"": ""meeting moved to Friday""}",True,True,True,False,6677.7,
7,n080,text both... actually just Diego for now: meeting moved to Friday,multi_arg,hard,send_message,"{""recipient"": ""Diego"", ""message"": ""meeting moved to Friday""}","{""name"": ""send_message"", ""arguments"": {""recipient"": ""Diego"", ""message"": ""meeting moved to Friday""}}",send_message,"{""recipient"": ""Diego"", ""message"": ""meeting moved to Friday""}",True,True,True,False,7842.9,
8,n080,text both... actually just Diego for now: meeting moved to Friday,multi_arg,hard,send_message,"{""recipient"": ""Diego"", ""message"": ""meeting moved to Friday""}","{""name"": ""send_message"", ""arguments"": {""recipient"": ""Diego"", ""message"": ""meeting moved to Friday""}}",send_message,"{""recipient"": ""Diego"", ""message"": ""meeting moved to Friday""}",True,True,True,False,5904.0,
1,n081,what's up,should_not_call,easy,none,,Hi there! Let me know if there's anything you need!,,,True,True,True,False,7158.0,
2,n081,what's up,should_not_call,easy,none,,"You're saying ""what's up""? I'm here to help! Let me know how I can assist you.",,,True,True,True,False,6901.9,
3,n081,what's up,should_not_call,easy,none,,I'm here to help! What can I do for you today? 😊,,,True,True,True,False,8886.2,
4,n081,what's up,should_not_call,easy,none,,Hi there! What's happening around you? 😊,,,True,True,True,False,6933.4,
5,n081,what's up,should_not_call,easy,none,,You're doing well! How can I assist you today?,,,True,True,True,False,6820.4,
6,n081,what's up,should_not_call,easy,none,,Hello! How can I assist you today? 😊,,,True,True,True,False,7802.8,
7,n081,what's up,should_not_call,easy,none,,You're welcome! How can I assist you today? 😊,,,True,True,True,False,7356.6,
8,n081,what's up,should_not_call,easy,none,,"You're saying ""what's up?"" – that's a friendly way to start. Let me know if there's anything specific I can help with! 😊",,,True,True,True,False,7632.7,
1,n082,tell me a fun fact about octopuses,should_not_call,easy,none,,"The octopus is known for its ability to live in different environments, from the ocean to the islands they're on. They also have a unique ability to change color to blend in with their surroundings.",,,True,True,True,False,8604.5,
2,n082,tell me a fun fact about octopuses,should_not_call,easy,none,,I don't have the capability to provide fun facts about octopuses. Let me know if you need help with something else!,,,True,True,True,False,7386.0,
3,n082,tell me a fun fact about octopuses,should_not_call,easy,none,,I don't have access to external information or tools that can provide fun facts about octopuses. Let me know if there's something else I can assist with!,,,True,True,True,False,8070.1,
4,n082,tell me a fun fact about octopuses,should_not_call,easy,none,,I don't have the capability to provide fun facts about octopuses or any other topics. Let me know if you'd like assistance with something else!,,,True,True,True,False,7939.5,
5,n082,tell me a fun fact about octopuses,should_not_call,easy,none,,"I don't have access to factual information about octopuses. Please ask a question related to the tools I have available, such as weather, timer setup, or message sending.",,,True,True,True,False,8207.6,
6,n082,tell me a fun fact about octopuses,should_not_call,easy,none,,"I can't use any tools to provide information about octopuses, but I can share a fun fact! Octopuses are fascinating creatures with bioluminescent skin and a unique ability to live in underwater habitats. They are also known for their ability to change color for camouflage.",,,True,True,True,False,9049.1,
7,n082,tell me a fun fact about octopuses,should_not_call,easy,none,,I don't have the capability to provide fun facts about octopuses. Let me know if you need help with something else!,,,True,True,True,False,7503.7,
8,n082,tell me a fun fact about octopuses,should_not_call,easy,none,,"I don't have a tool to fetch fun facts, but here's a fun fact about octopuses: they're actually a group of mollusks with a lot of adaptations for living in marine environments.",,,True,True,True,False,7677.7,
1,n083,how do you spell necessary,should_not_call,easy,none,,I don't have the tools to assist with spelling or language-related queries. Let me know if you need help with something else!,,,True,True,True,False,7463.8,
2,n083,how do you spell necessary,should_not_call,easy,none,,"The question appears to be a typo or misunderstanding, as it does not require any tool usage. I can't assist with spelling ""necessary"" in any way.",,,True,True,True,False,8620.9,
3,n083,how do you spell necessary,should_not_call,easy,none,,None of the provided tools can assist with spelling.,,,True,True,True,False,7705.7,
4,n083,how do you spell necessary,should_not_call,easy,none,,I can't assist with spelling requests. Let me know if you need help with anything else!,,,True,True,True,False,8337.6,
5,n083,how do you spell necessary,should_not_call,easy,none,,"{""name"": ""spell_word"", ""arguments"": {""word"": ""necessary""}}",spell_word,"{""word"": ""necessary""}",False,False,True,True,7372.5,
6,n083,how do you spell necessary,should_not_call,easy,none,,"The word ""necessary"" is spelled as ""necessary.""",,,True,True,True,False,8916.1,
7,n083,how do you spell necessary,should_not_call,easy,none,,"The word ""necessary"" is spelled N-E-C-E-S-S-A-B-L-E.",,,True,True,True,False,7586.0,
8,n083,how do you spell necessary,should_not_call,easy,none,,"The query is about spelling, which is unrelated to the provided tools. No tool can be used.",,,True,True,True,False,8085.5,
1,n084,what's 15 times 4,should_not_call,easy,none,,None of the provided tools can be used to calculate 15 times 4.,,,True,True,True,False,8573.6,
2,n084,what's 15 times 4,should_not_call,easy,none,,The result of 15 multiplied by 4 is 60.,,,True,True,True,False,8078.4,
3,n084,what's 15 times 4,should_not_call,easy,none,,No tool is needed for this query.,,,True,True,True,False,8667.0,
4,n084,what's 15 times 4,should_not_call,easy,none,,The request is unclear. Please provide a question or task that can be addressed with the available tools.,,,True,True,True,False,9353.9,
5,n084,what's 15 times 4,should_not_call,easy,none,,"The calculation 15 × 4 is 60, but no tool is available to perform mathematical operations like multiplication.",,,True,True,True,False,9077.6,
6,n084,what's 15 times 4,should_not_call,easy,none,,"The requested operation is a mathematical calculation, which cannot be performed using the available tools.",,,True,True,True,False,9140.7,
7,n084,what's 15 times 4,should_not_call,easy,none,,The tools provided don't include a function for mathematical calculations. I can't compute 15 times 4 directly. Let me know if you need help with anything else!,,,True,True,True,False,8536.0,
8,n084,what's 15 times 4,should_not_call,easy,none,,I don't have the capability to calculate mathematical expressions. Let me know if you need help with something else!,,,True,True,True,False,9511.0,
1,n085,goodnight,should_not_call,easy,none,,You're dreaming. Goodnight! Let me know if you need anything. 😊,,,True,True,True,False,7408.6,
2,n085,goodnight,should_not_call,easy,none,,Goodnight!,,,True,True,True,False,6684.0,
3,n085,goodnight,should_not_call,easy,none,,You're dreaming. Goodnight! Let me know if you need anything.,,,True,True,True,False,7258.4,
4,n085,goodnight,should_not_call,easy,none,,I'm here to help with anything you need! What can I do for you?,,,True,True,True,False,8010.2,
5,n085,goodnight,should_not_call,easy,none,,"{""name"": ""send_message"", ""arguments"": {""recipient"": ""goodnight"", ""message"": ""Goodnight! Have a great day.""}}",send_message,"{""recipient"": ""goodnight"", ""message"": ""Goodnight! Have a great day.""}",False,False,True,True,8944.3,
6,n085,goodnight,should_not_call,easy,none,,Hello! Have a good night! 😊,,,True,True,True,False,9423.0,
7,n085,goodnight,should_not_call,easy,none,,Hello! It's goodnight. Let me know if there's anything you need. 😊,,,True,True,True,False,7963.9,
8,n085,goodnight,should_not_call,easy,none,,"You're dreaming, I hope it's peaceful. Let me know if there's anything I can help with. 😊",,,True,True,True,False,8404.7,
1,n086,who wrote Romeo and Juliet,should_not_call,easy,none,,"The question about who wrote ""Romeo and Juliet"" is outside the scope of the provided tools. I cannot assist with that request.",,,True,True,True,False,9118.4,
2,n086,who wrote Romeo and Juliet,should_not_call,easy,none,,I don't have the capability to look up authors or literary information.,,,True,True,True,False,10053.0,
3,n086,who wrote Romeo and Juliet,should_not_call,easy,none,,"I don't have access to tools that can provide information about literature or historical works like ""Romeo and Juliet."" Let me know if you need help with something else!",,,True,True,True,False,8493.5,
4,n086,who wrote Romeo and Juliet,should_not_call,easy,none,,None of the provided tools can assist with answering questions about literature or history.,,,True,True,True,False,6991.3,
5,n086,who wrote Romeo and Juliet,should_not_call,easy,none,,I don't have the capability to answer that. Let me know if you need help with something else!,,,True,True,True,False,8578.8,
6,n086,who wrote Romeo and Juliet,should_not_call,easy,none,,I don't have access to tools that can provide information about literature or historical events. Would you like help with something else?,,,True,True,True,False,7631.1,
7,n086,who wrote Romeo and Juliet,should_not_call,easy,none,,"I don't have access to tools that can retrieve information about authors or literary works. You might need to search for ""Romeo and Juliet"" on a literary database or check a book reference to find the author.",,,True,True,True,False,9281.8,
8,n086,who wrote Romeo and Juliet,should_not_call,easy,none,,I don't have access to tools that provide literary analysis or historical information. Let me know if you need help with anything else!,,,True,True,True,False,7653.7,
1,n087,can you recommend a good book,should_not_call,easy,none,,I'm unable to recommend books as I don't have access to a book recommendation tool. Let me know if you need help with something else!,,,True,True,True,False,9168.2,
2,n087,can you recommend a good book,should_not_call,easy,none,,I don't have access to book recommendation tools. Let me know if you need help with something else!,,,True,True,True,False,9656.1,
3,n087,can you recommend a good book,should_not_call,easy,none,,"I'm sorry, but I can't assist with book recommendations as I don't have the ability to access databases or personal recommendations. Let me know if you need help with anything else!",,,True,True,True,False,9592.7,
4,n087,can you recommend a good book,should_not_call,easy,none,,I don't have access to book recommendation tools. Let me know if you need help with something else!,,,True,True,True,False,10574.9,
5,n087,can you recommend a good book,should_not_call,easy,none,,"I don't have the capability to recommend books, but I can help with anything related to the tools provided. Let me know what you'd like me to do!",,,True,True,True,False,8686.5,
6,n087,can you recommend a good book,should_not_call,easy,none,,"I don't have the capability to recommend books, but I can help with tasks like setting a timer or sending a message. Let me know what you need!",,,True,True,True,False,8610.9,
7,n087,can you recommend a good book,should_not_call,easy,none,,I don't have the capability to recommend books. Let me know what you'd like me to do with the available tools!,,,True,True,True,False,9646.5,
8,n087,can you recommend a good book,should_not_call,easy,none,,"I'm sorry, but I can't assist with book recommendations as none of the available tools are designed for that purpose. Let me know if there's something else I can help with!",,,True,True,True,False,10148.5,
1,n088,"you're the best, thank you",should_not_call,easy,none,,You're welcome! Let me know if there's anything I can assist you with. 😊,,,True,True,True,False,7980.3,
2,n088,"you're the best, thank you",should_not_call,easy,none,,You're welcome! Let me know if you need help with anything. 😊,,,True,True,True,False,8625.2,
3,n088,"you're the best, thank you",should_not_call,easy,none,,You're welcome! Let me know if there's anything you need help with right now. 😊,,,True,True,True,False,8731.3,
4,n088,"you're the best, thank you",should_not_call,easy,none,,"You're welcome! If you need help with anything, feel free to ask. 😊",,,True,True,True,False,8546.0,
5,n088,"you're the best, thank you",should_not_call,easy,none,,You're welcome! Let me know if you need help with anything right now. 😊,,,True,True,True,False,8966.6,
6,n088,"you're the best, thank you",should_not_call,easy,none,,You're welcome! Let me know if you need help with anything right now. 😊,,,True,True,True,False,8548.4,
7,n088,"you're the best, thank you",should_not_call,easy,none,,"You're welcome! If you need help with anything, just let me know. 😊",,,True,True,True,False,9348.3,
8,n088,"you're the best, thank you",should_not_call,easy,none,,You're welcome! Let me know if you need help with anything right now. 😊,,,True,True,True,False,8527.1,
1,n089,what day is it,should_not_call,easy,none,,I don't have access to current date information. Please let me know if you need help with anything else!,,,True,True,True,False,8716.0,
2,n089,what day is it,should_not_call,easy,none,,I don't have access to real-time information about the current day or time. Let me know if you need help with something else!,,,True,True,True,False,10795.5,
3,n089,what day is it,should_not_call,easy,none,,"No tool is needed. The current day is determined by your device's system time or local time zone, which can be checked through your device's clock or by using a weather service.",,,True,True,True,False,10479.8,
4,n089,what day is it,should_not_call,easy,none,,"Please provide the location or specific details you'd like to know about, so I can retrieve the current weather for you.",,,True,True,True,False,9869.3,
5,n089,what day is it,should_not_call,easy,none,,The current day is today.,,,True,True,True,False,8359.0,
6,n089,what day is it,should_not_call,easy,none,,The available tools don't include a function to determine the current day or the day of the week. I can't provide that information.,,,True,True,True,False,9265.8,
7,n089,what day is it,should_not_call,easy,none,,The current day is not determined by the available tools. Please provide the location or context needed for weather-related information.,,,True,True,True,False,8773.3,
8,n089,what day is it,should_not_call,easy,none,,I don't have access to current day or time information. Let me know if you need help with anything else!,,,True,True,True,False,9508.0,
1,n090,tell me a riddle,should_not_call,easy,none,,I can't help with riddles as they aren't related to the tools provided. Let me know if you need help with something else!,,,True,True,True,False,7976.8,
2,n090,tell me a riddle,should_not_call,easy,none,,"I can't use the tools provided, but here's a riddle: ""What has 100 eyes but no eyes at all? A..."" Let me know if you'd like another!",,,True,True,True,False,9101.5,
3,n090,tell me a riddle,should_not_call,easy,none,,"I'm sorry, but I can't assist with riddles. Let me know if you need help with something else!",,,True,True,True,False,8924.6,
4,n090,tell me a riddle,should_not_call,easy,none,,I can't help with riddles using the provided tools.,,,True,True,True,False,8100.6,
5,n090,tell me a riddle,should_not_call,easy,none,,I don't have access to tools related to riddles. Could you please ask something else?,,,True,True,True,False,7636.8,
6,n090,tell me a riddle,should_not_call,easy,none,,I can't help with riddles. Let me know if you need assistance with something else!,,,True,True,True,False,8509.3,
7,n090,tell me a riddle,should_not_call,easy,none,,"I can't generate riddles directly, but here's one: What has 100 eyes but no hands? A clock.",,,True,True,True,False,10545.3,
8,n090,tell me a riddle,should_not_call,easy,none,,I can't help with riddles using the provided tools. Let me know if you need assistance with anything else!,,,True,True,True,False,11149.9,
1,n091,what's the difference between a crocodile and an alligator,should_not_call,medium,none,,The tools provided do not include any functions related to animal species or scientific information. I cannot assist with the difference between a crocodile and an alligator.,,,True,True,True,False,8948.2,
2,n091,what's the difference between a crocodile and an alligator,should_not_call,medium,none,,"The main differences between a crocodile and an alligator are in their physical characteristics and habitat. Both species are reptiles with scaly skin, but crocodiles have a prehensile tail, while alligators do not. Crocodiles typically live in rivers and lakes, whereas alligators inhabit freshwater environments. Both species are classified as crocodiles, so this is a common misconception.",,,True,True,True,False,9579.2,
3,n091,what's the difference between a crocodile and an alligator,should_not_call,medium,none,,"The tools provided are for weather, timers, messages, and contact searches. None of these functions can help explain the difference between a crocodile and an alligator. Please consult a biology textbook or online resource for this information.",,,True,True,True,False,9138.8,
4,n091,what's the difference between a crocodile and an alligator,should_not_call,medium,none,,"The crocodile and alligator are both reptiles, but crocodiles are more powerful in water and have longer necks. Crocodiles are native to Africa and the Americas, while alligators are native to Asia.",,,True,True,True,False,8550.9,
5,n091,what's the difference between a crocodile and an alligator,should_not_call,medium,none,,I can't provide information about the differences between crocodiles and alligators as I don't have tools for scientific facts.,,,True,True,True,False,9133.6,
6,n091,what's the difference between a crocodile and an alligator,should_not_call,medium,none,,"There's no need to use any tools here. The question is about biological differences, which is unrelated to the provided functions.",,,True,True,True,False,8272.2,
7,n091,what's the difference between a crocodile and an alligator,should_not_call,medium,none,,"The tools provided are for weather, timers, sending messages, and searching contacts. The question about animal differences isn't related to any of these functions.",,,True,True,True,False,9909.1,
8,n091,what's the difference between a crocodile and an alligator,should_not_call,medium,none,,"The main difference is their classification. Crocodiles belong to the crocodile family, while alligators belong to the Alligator family. Crocodiles are more powerful in terms of strength and speed, and they have different scales. Both species are in the same class (reptiles), but their exact characteristics differ based on species.",,,True,True,True,False,9079.1,
1,n092,can you help me brainstorm names for my new puppy,should_not_call,medium,none,,"I can help brainstorm names for your puppy! Let me know what kind of style you prefer (e.g., cute, playful, mythical, etc.) and I’ll suggest some names for you.",,,True,True,True,False,10266.7,
2,n092,can you help me brainstorm names for my new puppy,should_not_call,medium,none,,I don't have the capability to brainstorm names or generate ideas for a pet. Let me know if you need help with anything else!,,,True,True,True,False,11653.3,
3,n092,can you help me brainstorm names for my new puppy,should_not_call,medium,none,,I don't have the capability to brainstorm or suggest names for a pet. Let me know if you need help with something else!,,,True,True,True,False,19493.2,
4,n092,can you help me brainstorm names for my new puppy,should_not_call,medium,none,,"I can help brainstorm names for your new puppy! If you'd like, I can search my contacts for existing names or suggest some ideas. Just let me know!",,,True,True,True,False,17384.2,
5,n092,can you help me brainstorm names for my new puppy,should_not_call,medium,none,,"I can help brainstorm some names for your puppy! Here are a few ideas:  
1. **Pawsy** (playful and affectionate)  
2. **Whisker** (inspired by a pet’s whiskers)  
3. **Loki** (a mythical pet name)  
4. **Buddy** (trustworthy and loyal)  

Let me know if you’d like more suggestions! 🐾",,,True,True,True,False,32698.1,
6,n092,can you help me brainstorm names for my new puppy,should_not_call,medium,none,,"Please provide more details about the puppy's traits or personality, and I'll brainstorm some names for you!",,,True,True,True,False,11932.7,
7,n092,can you help me brainstorm names for my new puppy,should_not_call,medium,none,,"I can help brainstorm names for your new puppy! Could you share a bit of information that would make the names more unique or meaningful, like a pet's personality or a special trait? For example, do you have a favorite animal, a color, or a playful trait in mind?",,,True,True,True,False,10851.2,
8,n092,can you help me brainstorm names for my new puppy,should_not_call,medium,none,,"Sure! Here are some fun puppy name ideas:  
1. **Buddy** – a classic and cute name.  
2. **Pony** – playful and easy to understand.  
3. **Charlie** – a classic and friendly name.  
4. **Loki** – whimsical and unique.  
5. **Sphynx** – a clever and cute name.  

Let me know if you'd like more options! 😊",,,True,True,True,False,12258.4,
1,n093,explain how photosynthesis works,should_not_call,medium,none,,"Photosynthesis is the process by which plants convert light energy (from the sun) into chemical energy stored in glucose. This process occurs in the chloroplasts of plant cells and involves the following steps:  
1. **Light Absorption**: Plants absorb sunlight through pigments in their chloroplasts.  
2. **Water Decomposition**: The plant absorbs water (H₂O) from the soil.  
3. **Carbon Dioxide Uptake**: Carbon dioxide (CO₂) from the air is absorbed.  
4. **Energy Conversion**: The absorbed light energy and water are converted into glucose and oxygen.  

No tool is required for this explanation.",,,True,True,True,False,10739.9,
2,n093,explain how photosynthesis works,should_not_call,medium,none,,"Photosynthesis is the process by which plants convert sunlight, water, and CO₂ into glucose and oxygen. The overall chemical equation is 6CO₂ + 6H₂O + light → C₆H₁₂O₆ + 6O₂. The process occurs in chloroplasts and involves two main stages: the light-dependent reactions (producing ATP and NADPH) and the light-independent reactions (carrying out the Calvin cycle).",,,True,True,True,False,8794.1,
3,n093,explain how photosynthesis works,should_not_call,medium,none,,"Photosynthesis is the process by which plants convert light energy, usually from the sun, into chemical energy stored in glucose. It occurs in the chloroplasts of plant cells. The basic chemical equation is:  
**6CO₂ + 6H₂O + 6 light energy → C₆H₁₂O₆ + 6O₂**.  
This process occurs in the chloroplasts and requires water and carbon dioxide as reactants, producing oxygen and glucose.",,,True,True,True,False,9077.4,
4,n093,explain how photosynthesis works,should_not_call,medium,none,,None of the provided tools are applicable for explaining photosynthesis.,,,True,True,True,False,8441.0,
5,n093,explain how photosynthesis works,should_not_call,medium,none,,"Photosynthesis is a biological process where plants, algae, and some bacteria convert water and carbon dioxide into glucose and oxygen. Here's how it works:

1. **Light Absorption**: Chlorophyll in the plant cells absorbs sunlight.  
2. **Carbon Dioxide and Water**: The plant uses CO₂ and H₂O to produce glucose (a source of energy) and oxygen.  
3. **Oxygen Release**: Oxygen is released as a byproduct into the atmosphere.  

This process is essential for life on Earth as it forms the base of the food chain.",,,True,True,True,False,11515.5,
6,n093,explain how photosynthesis works,should_not_call,medium,none,,"Photosynthesis is the process by which plants convert carbon dioxide and water into glucose and oxygen. It occurs in two main stages:  
1. **Light-dependent reactions**: Chlorophyll in chloroplasts uses sunlight to produce ATP and NADPH, which are energy carriers.  
2. **Light-independent reactions (Calvin cycle)**: These reactions use ATP and NADPH to fix carbon dioxide into glucose.  

This process is essential for plants, algae, and other photosynthetic organisms.",,,True,True,True,False,10069.6,
7,n093,explain how photosynthesis works,should_not_call,medium,none,,"The provided tools are for weather, timer, messaging, and contact searching. None of them are relevant to explaining photosynthesis. I cannot assist with this scientific explanation using the available functions.",,,True,True,True,False,9035.6,
8,n093,explain how photosynthesis works,should_not_call,medium,none,,"Photosynthesis is the process by which plants make their own food using sunlight, water, and carbon dioxide. The overall equation is 6CO₂ + 6H₂O + light → C₆H₁₂O₆ + 6O₂. This process occurs in chloroplasts in plant cells, where sunlight energy is converted into chemical energy stored in glucose, which the plants use for growth and energy.",,,True,True,True,False,8480.5,
1,n094,summarize the plot of Romeo and Juliet for me,should_not_call,medium,none,,"I can't summarize the plot of ""Romeo and Juliet"" with the tools provided. Let me know if you'd like to use any of the available functions for a different purpose!",,,True,True,True,False,12285.9,
2,n094,summarize the plot of Romeo and Juliet for me,should_not_call,medium,none,,I don't have the capability to summarize literary works. Let me know if you need help with other tasks!,,,True,True,True,False,9881.2,
3,n094,summarize the plot of Romeo and Juliet for me,should_not_call,medium,none,,I don't have access to literary summaries or plot details. Let me know what you'd like me to do with the information!,,,True,True,True,False,9015.9,
4,n094,summarize the plot of Romeo and Juliet for me,should_not_call,medium,none,,"I don't have the necessary tools to summarize the plot of ""Romeo and Juliet."" Let me know if you'd like to use any of the available functions for other tasks!",,,True,True,True,False,9224.5,
5,n094,summarize the plot of Romeo and Juliet for me,should_not_call,medium,none,,"I don't have the capability to summarize stories, but I can help with tasks like checking the weather or setting a timer. Let me know what you'd like me to do!",,,True,True,True,False,9876.6,
6,n094,summarize the plot of Romeo and Juliet for me,should_not_call,medium,none,,I don't have access to tools that can summarize stories. Let me know if you need help with anything else!,,,True,True,True,False,10032.9,
7,n094,summarize the plot of Romeo and Juliet for me,should_not_call,medium,none,,I don't have the capability to summarize literary plots as I can't use the provided tools. Let me know if you need help with anything else!,,,True,True,True,False,8068.4,
8,n094,summarize the plot of Romeo and Juliet for me,should_not_call,medium,none,,"I don't have the capability to summarize the plot of ""Romeo and Juliet,"" as I can't access external content or databases. You might want to check a literary summary book or a streaming service for the details.",,,True,True,True,False,8913.2,
1,n095,what's a good recipe for banana bread,should_not_call,medium,none,,I don't have access to recipe functions or tools to provide banana bread recipes. Let me know if you need help with something else!,,,True,True,True,False,9549.6,
2,n095,what's a good recipe for banana bread,should_not_call,medium,none,,I don't have the ability to assist with recipes or cooking instructions. Let me know if you need help with anything else!,,,True,True,True,False,12762.6,
3,n095,what's a good recipe for banana bread,should_not_call,medium,none,,The tools provided do not include any functions related to recipes or food. I cannot assist with that request.,,,True,True,True,False,12496.0,
4,n095,what's a good recipe for banana bread,should_not_call,medium,none,,I don't have access to recipe functions or tools to assist with banana bread recipes. Let me know if you need help with anything else!,,,True,True,True,False,18679.0,
5,n095,what's a good recipe for banana bread,should_not_call,medium,none,,I don't have access to recipes or food-related functions. Let me know if you need help with anything else!,,,True,True,True,False,8983.9,
6,n095,what's a good recipe for banana bread,should_not_call,medium,none,,"I don't have access to recipe tools, but you can search for banana bread recipes online or consult a kitchen tutorial. Would you like me to help you with something else?",,,True,True,True,False,9306.9,
7,n095,what's a good recipe for banana bread,should_not_call,medium,none,,I don't have access to recipes or food-related tools. Let me know if you need help with something else!,,,True,True,True,False,10837.9,
8,n095,what's a good recipe for banana bread,should_not_call,medium,none,,"The query asks for a recipe, but there are no tools available to assist with recipes or food-related tasks.",,,True,True,True,False,20554.1,
1,n096,how many ounces are in a gallon,should_not_call,medium,none,,The question about ounces in a gallon is not covered by any of the provided tools.,,,True,True,True,False,17962.5,
2,n096,how many ounces are in a gallon,should_not_call,medium,none,,"The question about ounces and gallons is unrelated to the provided tools for weather, timers, messages, or contact searches.",,,True,True,True,False,11391.1,
3,n096,how many ounces are in a gallon,should_not_call,medium,none,,The question about converting units is outside the scope of available tools. I cannot provide information on ounces in a gallon directly.,,,True,True,True,False,9569.6,
4,n096,how many ounces are in a gallon,should_not_call,medium,none,,The conversion of 1 US gallon to ounces is 128 fluid ounces.,,,True,True,True,False,11314.5,
5,n096,how many ounces are in a gallon,should_not_call,medium,none,,The question about unit conversion isn't related to the available tools.,,,True,True,True,False,10079.2,
6,n096,how many ounces are in a gallon,should_not_call,medium,none,,I don't have access to tools that can convert units like ounces to gallons. Let me know if you need help with something else!,,,True,True,True,False,11187.2,
7,n096,how many ounces are in a gallon,should_not_call,medium,none,,"The question is about measuring units, which is outside the scope of the provided tools. No tool can be used to answer this.",,,True,True,True,False,9713.4,
8,n096,how many ounces are in a gallon,should_not_call,medium,none,,The question about converting ounces to gallons isn't addressed by any provided tool. I don't have the capability to perform that conversion.,,,True,True,True,False,9849.5,
1,n097,give me some tips for staying focused while studying,should_not_call,medium,none,,The provided tools do not include any functions related to study techniques or focus management. I cannot assist with that request.,,,True,True,True,False,8812.1,
2,n097,give me some tips for staying focused while studying,should_not_call,medium,none,,"The user's query is about study tips, which is unrelated to the provided tools. No tool is needed for this response.",,,True,True,True,False,8683.5,
3,n097,give me some tips for staying focused while studying,should_not_call,medium,none,,None of the provided tools are relevant to studying tips.,,,True,True,True,False,8744.9,
4,n097,give me some tips for staying focused while studying,should_not_call,medium,none,,"I don't have access to tools that provide study tips, but here are some tips for staying focused while studying:

1. **Limit Breaks**: Take short breaks every hour to stretch or walk.
2. ** Pomodoro Technique**: Study for 25 minutes, then take a 5-minute break.
3. **Mindful Habits**: Use techniques like the ""5-minute rule"" to stay focused.
4. **Environment**: Minimize distractions like turning off notifications.
5. **Physical Activity**: Incorporate movement into your study time.

Let me know if you'd like help with tools like setting a timer or searching contacts!",,,True,True,True,False,10885.4,
5,n097,give me some tips for staying focused while studying,should_not_call,medium,none,,I don't have access to tools that provide study tips. Let me know if you need help with something else!,,,True,True,True,False,8467.0,
6,n097,give me some tips for staying focused while studying,should_not_call,medium,none,,None of the provided functions are relevant to studying or time management tips. Let me know if there's another way to assist!,,,True,True,True,False,9055.2,
7,n097,give me some tips for staying focused while studying,should_not_call,medium,none,,I don't have access to tools that provide study tips or time management strategies. Let me know if you need help with anything else!,,,True,True,True,False,9142.2,
8,n097,give me some tips for staying focused while studying,should_not_call,medium,none,,"You're welcome! Here are some tips to stay focused while studying:

1. **Create a study schedule** to avoid burnout.
2. **Limit screen time** and use breaks.
3. **Use active recall techniques** like flashcards.
4. **Stay hydrated** and get enough sleep.
5. **Take short breaks** every 30-60 minutes.

Let me know if you'd like further assistance!",,,True,True,True,False,10097.3,
1,n098,what's the meaning of the word ephemeral,should_not_call,medium,none,,"The tools provided are for weather, timers, sending messages, and searching contacts. None of these functions can be used to look up the meaning of the word ""ephemeral.""",,,True,True,True,False,8603.6,
2,n098,what's the meaning of the word ephemeral,should_not_call,medium,none,,"I don't have the tools to provide the meaning of the word ""ephemeral."" Let me know if you need help with something else!",,,True,True,True,False,8736.6,
3,n098,what's the meaning of the word ephemeral,should_not_call,medium,none,,"The tools provided do not include a function for retrieving word definitions. I cannot assist with the meaning of the word ""ephemeral"" using the available tools.",,,True,True,True,False,9344.7,
4,n098,what's the meaning of the word ephemeral,should_not_call,medium,none,,"The provided tools are for weather, timers, messages, and contact searches. They cannot provide the meaning of the word ""ephemeral.""",,,True,True,True,False,8994.8,
5,n098,what's the meaning of the word ephemeral,should_not_call,medium,none,,"The word ""ephemeral"" means temporary or fleeting in nature. It describes something that lasts only a short time or is not permanent.",,,True,True,True,False,9000.3,
6,n098,what's the meaning of the word ephemeral,should_not_call,medium,none,,"The tools provided are for weather, timers, and messaging. I cannot assist with defining the word ""ephemeral."" Let me know if you need help with something else!",,,True,True,True,False,9288.4,
7,n098,what's the meaning of the word ephemeral,should_not_call,medium,none,,"The tools provided do not include a function for dictionary definitions or language processing. I cannot assist with the meaning of the word ""ephemeral.""",,,True,True,True,False,10192.9,
8,n098,what's the meaning of the word ephemeral,should_not_call,medium,none,,"The word ""ephemeral"" means lasting or temporary. It describes something that has a short or fleeting nature.",,,True,True,True,False,8183.3,
1,n099,can you help me write a birthday toast for my dad,should_not_call,medium,none,,I can't help with writing a birthday toast for your dad as I don't have the capability to compose messages or create content. Let me know if there's something else I can assist with!,,,True,True,True,False,8027.5,
2,n099,can you help me write a birthday toast for my dad,should_not_call,medium,none,,"I cannot compose messages directly, but you can send a text message using the send_message function with the recipient's name and the toast message. Please provide the details: recipient and message content.",,,True,True,True,False,10142.7,
3,n099,can you help me write a birthday toast for my dad,should_not_call,medium,none,,"I cannot assist with writing messages or creating text content, but you can use the send_message function to send it to your dad. Please provide the recipient's name and the message content, and I'll help you send it.",,,True,True,True,False,12089.3,
4,n099,can you help me write a birthday toast for my dad,should_not_call,medium,none,,"I can help write a birthday toast for your dad. Here's a simple message for you: ""Happy Birthday! Mom and Dad, you're the best!"" Let me know if you'd like to personalize it further.",,,True,True,True,False,9438.9,
5,n099,can you help me write a birthday toast for my dad,should_not_call,medium,none,,I'm here to help with anything you need. What would you like to write for your birthday toast to your dad?,,,True,True,True,False,8831.2,
6,n099,can you help me write a birthday toast for my dad,should_not_call,medium,none,,"I can help you write a birthday toast, but I need to know the details of the toast, such as the date, time, or specific wishes for your father. Let me know!",,,True,True,True,False,8777.9,
7,n099,can you help me write a birthday toast for my dad,should_not_call,medium,none,,"I can't compose messages directly, but I can help you draft a birthday toast for your dad. Here's a sample: ""Happy Birthday! 🎉 Your dad is such a great person. May your days be filled with joy and love!"" Let me know if you'd like help formatting it further!",,,True,True,True,False,10463.6,
8,n099,can you help me write a birthday toast for my dad,should_not_call,medium,none,,"I can help you craft a birthday toast, but I don't have the capability to write or generate text messages directly. Let me know what you'd like to include in your toast, and I'll help you put it together!",,,True,True,True,False,9737.4,
1,n100,what year did the Berlin Wall fall,should_not_call,medium,none,,"The Berlin Wall fell on December 31, 1989.",,,True,True,True,False,12683.4,
2,n100,what year did the Berlin Wall fall,should_not_call,medium,none,,"The Berlin Wall fell on December 31, 1989.",,,True,True,True,False,19723.8,
3,n100,what year did the Berlin Wall fall,should_not_call,medium,none,,"I cannot answer that question as it requires information about the Berlin Wall's fall, which is a historical event not covered by the tools provided.",,,True,True,True,False,11865.2,
4,n100,what year did the Berlin Wall fall,should_not_call,medium,none,,"The Berlin Wall fell on February 20, 1989, marking the end of the Cold War between the United States and the Soviet Union. However, I cannot provide historical information through the provided tools.",,,True,True,True,False,11845.1,
5,n100,what year did the Berlin Wall fall,should_not_call,medium,none,,"I don't have access to historical event data. For details about the Berlin Wall, you might want to check a reliable source like a government website or a history book.",,,True,True,True,False,12448.9,
6,n100,what year did the Berlin Wall fall,should_not_call,medium,none,,The provided tools cannot answer the question about the Berlin Wall's fall.,,,True,True,True,False,10793.9,
7,n100,what year did the Berlin Wall fall,should_not_call,medium,none,,The tools provided do not include a function for retrieving historical event information like the Berlin Wall's fall. I cannot assist with that query using the available tools.,,,True,True,True,False,11104.6,
8,n100,what year did the Berlin Wall fall,should_not_call,medium,none,,The Berlin Wall fell on 1989.,,,True,True,True,False,10300.9,
1,n101,explain the rules of chess to me,should_not_call,medium,none,,"I'm sorry, but I can't explain the rules of chess in my current context. Let me know if you'd like me to explain it in a different way or if you need help with something else.",,,True,True,True,False,9555.7,
2,n101,explain the rules of chess to me,should_not_call,medium,none,,"Chess is played on a 8x8 board with 15 pieces (king, queen, bishop, rook, knight, bishop, king, and two pawns). The goal is to capture the opponent's pieces. Players take turns moving and attacking pieces, and the player who captures the last piece wins. Let me know if you need more details!",,,True,True,True,False,10954.5,
3,n101,explain the rules of chess to me,should_not_call,medium,none,,"Chess is a two-player game played on a 8x8 board. The rules are as follows:

1. **Players**: Two players take turns placing their pieces (usually black and white) on the board.
2. **Pieces**:
   - **Rook**: Can move horizontally or vertically.
   - **Bishop**: Moves diagonally.
   - **Knight**: Moves in L-shapes (2 squares in one direction and then one square perpendicular).
   - **Queen**: Combines the other pieces.
3. **Endgame**: The goal is to capture the opponent's king. Players cannot move the king in one move.

Let me know if you need more details!",,,True,True,True,False,11374.3,
4,n101,explain the rules of chess to me,should_not_call,medium,none,,"Chess is a game of strategy and movement. Here are the basic rules:  

1. **Board**: A 8x8 grid with 64 squares.  
2. **Pieces**:  
   - **Pawn**: Moves forward one square each turn.  
   - **King**: Moves one square in any direction.  
   - **Queen**: Throws at a piece, captures, or moves.  
   - **Rook**: Moves horizontally or vertically.  
   - **Bishop**: Moves diagonally.  
3. **Objective**: Capture the opponent’s piece by moving it or capturing it.  

Let me know if you need more details! 😊",,,True,True,True,False,15961.5,
5,n101,explain the rules of chess to me,should_not_call,medium,none,,"Chess is played on a 8x8 grid, with two players moving pieces on opposite sides. The goal is to capture the opponent's king by moving it to the edge. Players use pieces like rooks (to attack), bishops (to move), knights (to attack), and kings (to move). Capturing involves placing the king on the edge, and players must avoid attacking each other's pieces.",,,True,True,True,False,12285.8,
6,n101,explain the rules of chess to me,should_not_call,medium,none,,"Chess is a two-player board game played with a set of pieces. Players take turns moving their pieces, with the goal of capturing the opponent's king. Key pieces include pawns that move forward and jump over others, and the queen that controls the board. The rules are straightforward once you understand the basic mechanics.",,,True,True,True,False,11091.8,
7,n101,explain the rules of chess to me,should_not_call,medium,none,,"The rules of chess are as follows:  
1. **Board**: A 8x8 grid with ranks (1 to 8) and files (a to h).  
2. **Players**: Two players take turns moving and placing pieces.  
3. **Pawns**: Pawns are placed on the board, and they can be captured by moving them to the end of a file.  
4. **Pieces**: The king moves one square, the queen can attack any piece, the bishop moves diagonally, and the knight moves L-shaped.  

Let me know if you'd like more details!",,,True,True,True,False,11182.6,
8,n101,explain the rules of chess to me,should_not_call,medium,none,,"Chess is played with two players, each starting with a set of 15 pieces on a 8x8 board. The objective is to capture the opponent's king. Key pieces include:

- **Rook**: Moves vertically or horizontally.
- **Bishop**: Moves diagonally.
- **Knight**: Moves in L-shaped patterns.
- **King**: Moves one square in any direction.
- **Queen**: Can move any number of squares vertically, horizontally, or diagonally.

The game ends when the opponent's king is captured. No tools are needed here.",,,True,True,True,False,10248.8,
1,n102,give me a workout routine for beginners,should_not_call,medium,none,,I can't provide workout routines as I don't have the necessary tools. Let me know if you need help with something else!,,,True,True,True,False,9371.9,
2,n102,give me a workout routine for beginners,should_not_call,medium,none,,I don't have access to tools related to workout routines. Let me know if you need help with anything else!,,,True,True,True,False,7797.4,
3,n102,give me a workout routine for beginners,should_not_call,medium,none,,I don't have the capability to generate workout routines. Let me know if you need help with something else!,,,True,True,True,False,8081.0,
4,n102,give me a workout routine for beginners,should_not_call,medium,none,,I don't have access to tools that provide workout routines. Let me know if you need help with something else!,,,True,True,True,False,7879.7,
5,n102,give me a workout routine for beginners,should_not_call,medium,none,,I don't have access to tools that provide workout routines. Let me know if you need help with anything else!,,,True,True,True,False,8498.1,
6,n102,give me a workout routine for beginners,should_not_call,medium,none,,I don't have access to tools related to workout routines. Let me know if you need help with something else!,,,True,True,True,False,8512.4,
7,n102,give me a workout routine for beginners,should_not_call,medium,none,,"I don't have a tool to generate workout routines. However, I can help you find a beginner's workout plan by searching for ""beginner workout routines."" Let me know if you'd like that!",,,True,True,True,False,8908.9,
8,n102,give me a workout routine for beginners,should_not_call,medium,none,,I don't have access to tools for workout routines. Let me know if you need help with anything else!,,,True,True,True,False,7838.6,
1,n103,what's a synonym for happy,should_not_call,medium,none,,"{""name"": ""search_contacts"", ""arguments"": {""query"": ""happy""}}",search_contacts,"{""query"": ""happy""}",False,False,True,True,10430.8,
2,n103,what's a synonym for happy,should_not_call,medium,none,,None of the provided tools can be used to find synonyms.,,,True,True,True,False,10010.7,
3,n103,what's a synonym for happy,should_not_call,medium,none,,None of the provided tools can assist with finding synonyms.,,,True,True,True,False,8215.1,
4,n103,what's a synonym for happy,should_not_call,medium,none,,"I don't have access to synonym tools or dictionaries, but I can help with tasks like checking weather or setting a timer. Let me know what you need!",,,True,True,True,False,9682.7,
5,n103,what's a synonym for happy,should_not_call,medium,none,,"The synonym for ""happy"" is ""content.""",,,True,True,True,False,12399.0,
6,n103,what's a synonym for happy,should_not_call,medium,none,,"""content""",,,True,True,True,False,19464.7,
7,n103,what's a synonym for happy,should_not_call,medium,none,,I can't help with synonyms as I don't have a tool for that.,,,True,True,True,False,10863.4,
8,n103,what's a synonym for happy,should_not_call,medium,none,,"The synonym for ""happy"" is ""content.""",,,True,True,True,False,12812.5,
1,n104,can you proofread this sentence: 'me and him went to the store',should_not_call,medium,none,,"The sentence ""me and him went to the store"" is grammatically correct and clear. No errors were found.",,,True,True,True,False,11630.4,
2,n104,can you proofread this sentence: 'me and him went to the store',should_not_call,medium,none,,I can't proofread this sentence for you. Let me know if you need help with anything else!,,,True,True,True,False,13011.2,
3,n104,can you proofread this sentence: 'me and him went to the store',should_not_call,medium,none,,"The sentence ""me and him went to the store"" is grammatically correct and clearly expressed. No errors found. Let me know if you need anything else!",,,True,True,True,False,11718.7,
4,n104,can you proofread this sentence: 'me and him went to the store',should_not_call,medium,none,,"I can't proofread text, but I can check if the sentence is correct. Let me know if you need help with anything else!",,,True,True,True,False,13663.6,
5,n104,can you proofread this sentence: 'me and him went to the store',should_not_call,medium,none,,The sentence is clear and grammatically correct.,,,True,True,True,False,10196.3,
6,n104,can you proofread this sentence: 'me and him went to the store',should_not_call,medium,none,,I cannot proofread text and am unable to use any provided tools for this purpose.,,,True,True,True,False,12204.7,
7,n104,can you proofread this sentence: 'me and him went to the store',should_not_call,medium,none,,I cannot proofread text. Please provide the sentence you'd like me to proofread.,,,True,True,True,False,11684.4,
8,n104,can you proofread this sentence: 'me and him went to the store',should_not_call,medium,none,,"The sentence ""me and him went to the store"" is grammatically correct and free of errors. No tool was needed for this task.",,,True,True,True,False,14218.1,
1,n105,what's the square root of 144,should_not_call,medium,none,,None of the provided tools are appropriate for calculating the square root of 144.,,,True,True,True,False,14811.3,
2,n105,what's the square root of 144,should_not_call,medium,none,,The square root of 144 is 12.,,,True,True,True,False,13189.4,
3,n105,what's the square root of 144,should_not_call,medium,none,,The square root of 144 is 12.,,,True,True,True,False,12024.7,
4,n105,what's the square root of 144,should_not_call,medium,none,,The square root of 144 is 12.,,,True,True,True,False,11486.9,
5,n105,what's the square root of 144,should_not_call,medium,none,,The square root of 144 is 12.,,,True,True,True,False,10954.3,
6,n105,what's the square root of 144,should_not_call,medium,none,,The square root of 144 is 12.,,,True,True,True,False,13589.5,
7,n105,what's the square root of 144,should_not_call,medium,none,,The square root of 144 is 12.,,,True,True,True,False,11369.0,
8,n105,what's the square root of 144,should_not_call,medium,none,,The square root of 144 is 12.,,,True,True,True,False,11144.5,
1,n106,how do I add a new contact named Priya to my phone,should_not_call,hard,none,,I don't have access to your phone or the ability to add contacts directly. Would you like help with something else using the available tools?,,,True,True,True,False,11891.6,
2,n106,how do I add a new contact named Priya to my phone,should_not_call,hard,none,,"{""name"": ""search_contacts"", ""arguments"": {""query"": ""Priya""}}",search_contacts,"{""query"": ""Priya""}",False,False,True,True,16696.2,
3,n106,how do I add a new contact named Priya to my phone,should_not_call,hard,none,,"{""name"": ""search_contacts"", ""arguments"": {""query"": ""Priya""}}",search_contacts,"{""query"": ""Priya""}",False,False,True,True,11761.6,
4,n106,how do I add a new contact named Priya to my phone,should_not_call,hard,none,,"{""name"": ""search_contacts"", ""arguments"": {""query"": ""Priya""}}",search_contacts,"{""query"": ""Priya""}",False,False,True,True,10027.0,
5,n106,how do I add a new contact named Priya to my phone,should_not_call,hard,none,,"{""name"": ""search_contacts"", ""arguments"": {""query"": ""Priya""}}",search_contacts,"{""query"": ""Priya""}",False,False,True,True,10617.8,
6,n106,how do I add a new contact named Priya to my phone,should_not_call,hard,none,,"{""name"": ""search_contacts"", ""arguments"": {""query"": ""Priya""}}",search_contacts,"{""query"": ""Priya""}",False,False,True,True,10198.1,
7,n106,how do I add a new contact named Priya to my phone,should_not_call,hard,none,,"I don't have the capability to add contacts to your phone. Please try using the tools provided for tasks like setting a timer, checking the weather, or sending messages.",,,True,True,True,False,11193.5,
8,n106,how do I add a new contact named Priya to my phone,should_not_call,hard,none,,"I don't have access to add contacts to your phone. The available tools are for weather, timers, and message sending. Let me know if you need help with any of those tasks!",,,True,True,True,False,11397.0,
1,n107,cancel the timer I set for the eggs,should_not_call,hard,none,,I don't have access to information about the timer you set or the specific details of the timer to cancel. Could you please provide the duration and label of the timer you want to cancel?,,,True,True,True,False,12337.5,
2,n107,cancel the timer I set for the eggs,should_not_call,hard,none,,"The timer was set, but I need the label to cancel it. Please provide the label so I can assist.",,,True,True,True,False,14722.8,
3,n107,cancel the timer I set for the eggs,should_not_call,hard,none,,The request to cancel the timer is not possible without additional details. Please provide the timer's label or duration so I can assist.,,,True,True,True,False,11123.0,
4,n107,cancel the timer I set for the eggs,should_not_call,hard,none,,I don't have access to the specific details of the timer you set. Could you please provide the duration in minutes and the label for the timer?,,,True,True,True,False,9543.2,
5,n107,cancel the timer I set for the eggs,should_not_call,hard,none,,I don't have access to cancel a timer function. Please provide the details of the timer (duration in minutes and the label) to proceed.,,,True,True,True,False,9085.2,
6,n107,cancel the timer I set for the eggs,should_not_call,hard,none,,The tool provided does not include functionality to cancel a timer. I cannot assist with that action.,,,True,True,True,False,11654.7,
7,n107,cancel the timer I set for the eggs,should_not_call,hard,none,,I don't have access to cancel a timer unless you provide its details like duration or label. Could you specify what timer you're referring to?,,,True,True,True,False,10126.8,
8,n107,cancel the timer I set for the eggs,should_not_call,hard,none,,"The timer details were not provided, so I cannot cancel it. Please specify the duration or label to proceed.",,,True,True,True,False,9367.9,
1,n108,delete the last message I sent to Marcus,should_not_call,hard,none,,The tools provided don't include a function for deleting messages. I can't perform this action with the available tools.,,,True,True,True,False,10364.9,
2,n108,delete the last message I sent to Marcus,should_not_call,hard,none,,The tool to delete a message is not available. I cannot delete messages with the provided functions.,,,True,True,True,False,9347.0,
3,n108,delete the last message I sent to Marcus,should_not_call,hard,none,,The tool provided does not include a method to delete messages. Please send a new message to Marcus instead.,,,True,True,True,False,12096.4,
4,n108,delete the last message I sent to Marcus,should_not_call,hard,none,,"I don't have the capability to delete messages or interact with user history through the provided tools. Let me know if you'd like to use any of the available functions for weather, timers, or contact searches.",,,True,True,True,False,10949.6,
5,n108,delete the last message I sent to Marcus,should_not_call,hard,none,,No tool is needed to delete the last message sent to Marcus.,,,True,True,True,False,9561.9,
6,n108,delete the last message I sent to Marcus,should_not_call,hard,none,,The tools provided do not include any functions for deleting messages. I cannot assist with that request.,,,True,True,True,False,9854.6,
7,n108,delete the last message I sent to Marcus,should_not_call,hard,none,,I don't have the capability to delete messages. Please send me a new message to Marcus.,,,True,True,True,False,10931.7,
8,n108,delete the last message I sent to Marcus,should_not_call,hard,none,,I can't delete messages; please send a new message to Marcus.,,,True,True,True,False,11100.6,
1,n109,who is the president of Portugal,should_not_call,hard,none,,"I don't have access to real-time information about the president of Portugal. However, you can find the current president of Portugal by checking official sources such as the official website or news outlets.",,,True,True,True,False,11570.7,
2,n109,who is the president of Portugal,should_not_call,hard,none,,The provided tools cannot retrieve information about the president of a country.,,,True,True,True,False,9015.6,
3,n109,who is the president of Portugal,should_not_call,hard,none,,None of the provided tools can retrieve information about the president of Portugal.,,,True,True,True,False,8130.3,
4,n109,who is the president of Portugal,should_not_call,hard,none,,"The tools provided do not include a function for retrieving information about country leaders. Therefore, I cannot answer your question directly.",,,True,True,True,False,9175.1,
5,n109,who is the president of Portugal,should_not_call,hard,none,,The tools provided do not include any functions for retrieving information about a country's president. I cannot provide that details with the current available functions.,,,True,True,True,False,11495.2,
6,n109,who is the president of Portugal,should_not_call,hard,none,,None of the provided tools can retrieve information about the president of a country.,,,True,True,True,False,12103.2,
7,n109,who is the president of Portugal,should_not_call,hard,none,,"The provided tools are for weather, timers, sending messages, and searching contacts. There is no tool available to retrieve political information about a country's president.",,,True,True,True,False,10951.1,
8,n109,who is the president of Portugal,should_not_call,hard,none,,I don't have the capability to retrieve information about the president of a country. Let me know if there's something else I can assist with!,,,True,True,True,False,10126.6,
1,n110,remind me tomorrow morning to call the dentist,should_not_call,hard,none,,"{""name"": ""set_timer"", ""arguments"": {""duration_minutes"": 1, ""label"": ""call dentist""}}",set_timer,"{""duration_minutes"": 1, ""label"": ""call dentist""}",False,False,True,True,10447.0,
2,n110,remind me tomorrow morning to call the dentist,should_not_call,hard,none,,"{""name"": ""set_timer"", ""arguments"": {""duration_minutes"": 1, ""label"": ""dentist appointment""}}",set_timer,"{""duration_minutes"": 1, ""label"": ""dentist appointment""}",False,False,True,True,12255.4,
3,n110,remind me tomorrow morning to call the dentist,should_not_call,hard,none,,"{""name"": ""set_timer"", ""arguments"": {""duration_minutes"": 1, ""label"": ""dentist""}}",set_timer,"{""duration_minutes"": 1, ""label"": ""dentist""}",False,False,True,True,9582.7,
4,n110,remind me tomorrow morning to call the dentist,should_not_call,hard,none,,"{""name"": ""set_timer"", ""arguments"": {""duration_minutes"": 1, ""label"": ""dentist""}}",set_timer,"{""duration_minutes"": 1, ""label"": ""dentist""}",False,False,True,True,12504.8,
5,n110,remind me tomorrow morning to call the dentist,should_not_call,hard,none,,"{""name"": ""set_timer"", ""arguments"": {""duration_minutes"": 60, ""label"": ""dentist call""}}",set_timer,"{""duration_minutes"": 60, ""label"": ""dentist call""}",False,False,True,True,11847.5,
6,n110,remind me tomorrow morning to call the dentist,should_not_call,hard,none,,"{""name"": ""set_timer"", ""arguments"": {""duration_minutes"": 1, ""label"": ""dentist""}}",set_timer,"{""duration_minutes"": 1, ""label"": ""dentist""}",False,False,True,True,10865.9,
7,n110,remind me tomorrow morning to call the dentist,should_not_call,hard,none,,"{""name"": ""set_timer"", ""arguments"": {""duration_minutes"": 1, ""label"": ""dentist""}}",set_timer,"{""duration_minutes"": 1, ""label"": ""dentist""}",False,False,True,True,8787.8,
8,n110,remind me tomorrow morning to call the dentist,should_not_call,hard,none,,"{""name"": ""set_timer"", ""arguments"": {""duration_minutes"": 1, ""label"": ""dentist call tomorrow""}}",set_timer,"{""duration_minutes"": 1, ""label"": ""dentist call tomorrow""}",False,False,True,True,7922.2,
1,n111,read me my last message from Sophie,should_not_call,hard,none,,I don't have access to your messages or a history. Let me know if you need help with something else!,,,True,True,True,False,8051.6,
2,n111,read me my last message from Sophie,should_not_call,hard,none,,I don't have access to read messages or track conversations. Would you like me to help with something else?,,,True,True,True,False,6684.7,
3,n111,read me my last message from Sophie,should_not_call,hard,none,,"I don't have access to reading messages or keeping track of conversations. However, I can help with tasks like setting a timer or checking contacts if that's what you need.",,,True,True,True,False,7125.8,
4,n111,read me my last message from Sophie,should_not_call,hard,none,,I don't have access to read messages or history. Let me know if you need help with something else!,,,True,True,True,False,6529.4,
5,n111,read me my last message from Sophie,should_not_call,hard,none,,I don't have access to messages or message history. Let me know if you need help with something else!,,,True,True,True,False,6576.3,
6,n111,read me my last message from Sophie,should_not_call,hard,none,,I don't have access to read messages or view personal information. Let me know if there's something else you need!,,,True,True,True,False,6620.2,
7,n111,read me my last message from Sophie,should_not_call,hard,none,,I don't have access to read messages or track conversations. Let me know if you need help with anything else!,,,True,True,True,False,6455.5,
8,n111,read me my last message from Sophie,should_not_call,hard,none,,The request cannot be addressed as there are no available tools to access messages or read them.,,,True,True,True,False,6009.5,
1,n112,snooze my alarm for ten minutes,should_not_call,hard,none,,"{""name"": ""set_timer"", ""arguments"": {""duration_minutes"": 10, ""label"": ""Alarm Snooze""}}",set_timer,"{""duration_minutes"": 10, ""label"": ""Alarm Snooze""}",False,False,True,True,6682.0,
2,n112,snooze my alarm for ten minutes,should_not_call,hard,none,,"{""name"": ""set_timer"", ""arguments"": {""duration_minutes"": 10, ""label"": ""snooze""}}",set_timer,"{""duration_minutes"": 10, ""label"": ""snooze""}",False,False,True,True,7919.1,
3,n112,snooze my alarm for ten minutes,should_not_call,hard,none,,"{""name"": ""set_timer"", ""arguments"": {""duration_minutes"": 10, ""label"": ""Alarm snooze""}}",set_timer,"{""duration_minutes"": 10, ""label"": ""Alarm snooze""}",False,False,True,True,7906.4,
4,n112,snooze my alarm for ten minutes,should_not_call,hard,none,,"{""name"": ""set_timer"", ""arguments"": {""duration_minutes"": 10, ""label"": ""snooze""}}",set_timer,"{""duration_minutes"": 10, ""label"": ""snooze""}",False,False,True,True,6511.4,
5,n112,snooze my alarm for ten minutes,should_not_call,hard,none,,"{""name"": ""set_timer"", ""arguments"": {""duration_minutes"": 10, ""label"": ""snooze""}}",set_timer,"{""duration_minutes"": 10, ""label"": ""snooze""}",False,False,True,True,7130.0,
6,n112,snooze my alarm for ten minutes,should_not_call,hard,none,,"{""name"": ""set_timer"", ""arguments"": {""duration_minutes"": 10}}",set_timer,"{""duration_minutes"": 10}",False,False,True,True,7354.9,
7,n112,snooze my alarm for ten minutes,should_not_call,hard,none,,"{""name"": ""set_timer"", ""arguments"": {""duration_minutes"": 10}}",set_timer,"{""duration_minutes"": 10}",False,False,True,True,7273.7,
8,n112,snooze my alarm for ten minutes,should_not_call,hard,none,,"{""name"": ""set_timer"", ""arguments"": {""duration_minutes"": 10, ""label"": """"}}",set_timer,"{""duration_minutes"": 10, ""label"": """"}",False,False,True,True,9337.1,
1,n113,call Priya on the phone,should_not_call,hard,none,,"{""name"": ""send_message"", ""arguments"": {""recipient"": ""Priya"", ""message"": """"}}",send_message,"{""recipient"": ""Priya"", ""message"": """"}",False,False,True,True,8586.6,
2,n113,call Priya on the phone,should_not_call,hard,none,,"{""name"": ""send_message"", ""arguments"": {""recipient"": ""Priya"", ""message"": ""Call me on the phone.""}}",send_message,"{""recipient"": ""Priya"", ""message"": ""Call me on the phone.""}",False,False,True,True,17032.1,
3,n113,call Priya on the phone,should_not_call,hard,none,,"{""name"": ""send_message"", ""arguments"": {""recipient"": ""Priya"", ""message"": ""Call me!""}}",send_message,"{""recipient"": ""Priya"", ""message"": ""Call me!""}",False,False,True,True,8146.2,
4,n113,call Priya on the phone,should_not_call,hard,none,,I can call Priya by providing the message to her. Please provide the message content.,,,True,True,True,False,14194.9,
5,n113,call Priya on the phone,should_not_call,hard,none,,"{""name"": ""send_message"", ""arguments"": {""recipient"": ""Priya"", ""message"": """"}}",send_message,"{""recipient"": ""Priya"", ""message"": """"}",False,False,True,True,10833.9,
6,n113,call Priya on the phone,should_not_call,hard,none,,I don't have the capability to make phone calls. Could you please clarify what you need assistance with using the available tools?,,,True,True,True,False,7088.1,
7,n113,call Priya on the phone,should_not_call,hard,none,,"{""name"": ""send_message"", ""arguments"": {""recipient"": ""Priya"", ""message"": ""Call Priya""}}",send_message,"{""recipient"": ""Priya"", ""message"": ""Call Priya""}",False,False,True,True,9093.1,
8,n113,call Priya on the phone,should_not_call,hard,none,,"{""name"": ""send_message"", ""arguments"": {""recipient"": ""Priya"", ""message"": ""Call me!""}}",send_message,"{""recipient"": ""Priya"", ""message"": ""Call me!""}",False,False,True,True,7628.5,
1,n114,check my calendar for tomorrow,should_not_call,hard,none,,The tools provided do not include a function for checking a calendar. I cannot access your calendar.,,,True,True,True,False,6644.9,
2,n114,check my calendar for tomorrow,should_not_call,hard,none,,I don't have access to your calendar. Please check your email or use a calendar app.,,,True,True,True,False,6576.8,
3,n114,check my calendar for tomorrow,should_not_call,hard,none,,I don't have access to your calendar or calendar-related tools. Let me know if you need help with something else!,,,True,True,True,False,15009.9,
4,n114,check my calendar for tomorrow,should_not_call,hard,none,,I can't check your calendar as none of the provided tools are designed for that purpose. Let me know if you'd like help with something else!,,,True,True,True,False,7909.5,
5,n114,check my calendar for tomorrow,should_not_call,hard,none,,"The user requested to check their calendar for tomorrow, but none of the provided tools (get_weather, set_timer, send_message, search_contacts) are designed to check calendar events.",,,True,True,True,False,6921.4,
6,n114,check my calendar for tomorrow,should_not_call,hard,none,,I don't have access to your calendar or tools to check it. Let me know if you need help with something else!,,,True,True,True,False,7493.7,
7,n114,check my calendar for tomorrow,should_not_call,hard,none,,The requested action cannot be performed as no available tool is provided for checking a personal calendar.,,,True,True,True,False,6448.8,
8,n114,check my calendar for tomorrow,should_not_call,hard,none,,I don't have access to your calendar. Let me know if you need help with something else!,,,True,True,True,False,6959.0,
1,n115,turn off the timer,should_not_call,hard,none,,"The tool requires a timer duration and label to function, but the user hasn't provided these details. I cannot perform the action as required.",,,True,True,True,False,7664.1,
2,n115,turn off the timer,should_not_call,hard,none,,I don't have access to a timer function to turn it off as it requires specific details like a duration or label. Let me know if you need help with that!,,,True,True,True,False,7823.0,
3,n115,turn off the timer,should_not_call,hard,none,,"The provided tools do not include a function to turn off a timer, as the set_timer function requires a duration and a label to set the timer. Please provide the duration and label for the timer to proceed.",,,True,True,True,False,8843.9,
4,n115,turn off the timer,should_not_call,hard,none,,The assistant needs more information to use the set_timer function. Please provide the timer's duration in minutes and a label.,,,True,True,True,False,6592.1,
5,n115,turn off the timer,should_not_call,hard,none,,"{""name"": ""set_timer"", ""arguments"": {""duration_minutes"": 0, ""label"": ""timer off""}}",set_timer,"{""duration_minutes"": 0, ""label"": ""timer off""}",False,False,True,True,9351.3,
6,n115,turn off the timer,should_not_call,hard,none,,The provided tools do not include a function for turning off a timer. Please provide more details about the timer you'd like to stop.,,,True,True,True,False,9622.6,
7,n115,turn off the timer,should_not_call,hard,none,,The provided tools cannot be used to turn off a timer. There's no function available to manage timers or cancel them.,,,True,True,True,False,7609.3,
8,n115,turn off the timer,should_not_call,hard,none,,"The tool requires a timer duration and label to function, but the request doesn't provide these details. Please specify the timer's duration and label.",,,True,True,True,False,8341.1,
1,n116,set a timer for 1 minute labeled 'quick check',edge_case,easy,set_timer,"{""duration_minutes"": 1, ""label"": ""quick check""}","{""name"": ""set_timer"", ""arguments"": {""duration_minutes"": 1, ""label"": ""quick check""}}",set_timer,"{""duration_minutes"": 1, ""label"": ""quick check""}",True,True,True,False,6730.3,
2,n116,set a timer for 1 minute labeled 'quick check',edge_case,easy,set_timer,"{""duration_minutes"": 1, ""label"": ""quick check""}","{""name"": ""set_timer"", ""arguments"": {""duration_minutes"": 1, ""label"": ""quick check""}}",set_timer,"{""duration_minutes"": 1, ""label"": ""quick check""}",True,True,True,False,6686.7,
3,n116,set a timer for 1 minute labeled 'quick check',edge_case,easy,set_timer,"{""duration_minutes"": 1, ""label"": ""quick check""}","{""name"": ""set_timer"", ""arguments"": {""duration_minutes"": 1, ""label"": ""quick check""}}",set_timer,"{""duration_minutes"": 1, ""label"": ""quick check""}",True,True,True,False,6589.3,
4,n116,set a timer for 1 minute labeled 'quick check',edge_case,easy,set_timer,"{""duration_minutes"": 1, ""label"": ""quick check""}","{""name"": ""set_timer"", ""arguments"": {""duration_minutes"": 1, ""label"": ""quick check""}}",set_timer,"{""duration_minutes"": 1, ""label"": ""quick check""}",True,True,True,False,6723.5,
5,n116,set a timer for 1 minute labeled 'quick check',edge_case,easy,set_timer,"{""duration_minutes"": 1, ""label"": ""quick check""}","```json
{""name"": ""set_timer"", ""arguments"": {""duration_minutes"": 1, ""label"": ""quick check""}}
```",set_timer,"{""duration_minutes"": 1, ""label"": ""quick check""}",True,True,True,False,7621.7,
6,n116,set a timer for 1 minute labeled 'quick check',edge_case,easy,set_timer,"{""duration_minutes"": 1, ""label"": ""quick check""}","{""name"": ""set_timer"", ""arguments"": {""duration_minutes"": 1, ""label"": ""quick check""}}",set_timer,"{""duration_minutes"": 1, ""label"": ""quick check""}",True,True,True,False,7132.0,
7,n116,set a timer for 1 minute labeled 'quick check',edge_case,easy,set_timer,"{""duration_minutes"": 1, ""label"": ""quick check""}","{""name"": ""set_timer"", ""arguments"": {""duration_minutes"": 1, ""label"": ""quick check""}}",set_timer,"{""duration_minutes"": 1, ""label"": ""quick check""}",True,True,True,False,6776.3,
8,n116,set a timer for 1 minute labeled 'quick check',edge_case,easy,set_timer,"{""duration_minutes"": 1, ""label"": ""quick check""}","{""name"": ""set_timer"", ""arguments"": {""duration_minutes"": 1, ""label"": ""quick check""}}",set_timer,"{""duration_minutes"": 1, ""label"": ""quick check""}",True,True,True,False,6377.7,
1,n117,message Theo and just say 'k',edge_case,easy,send_message,"{""recipient"": ""Theo"", ""message"": ""k""}","{""name"": ""send_message"", ""arguments"": {""recipient"": ""Theo"", ""message"": ""k""}}",send_message,"{""recipient"": ""Theo"", ""message"": ""k""}",True,True,True,False,8002.1,
2,n117,message Theo and just say 'k',edge_case,easy,send_message,"{""recipient"": ""Theo"", ""message"": ""k""}","{""name"": ""send_message"", ""arguments"": {""recipient"": ""Theo"", ""message"": ""k""}}",send_message,"{""recipient"": ""Theo"", ""message"": ""k""}",True,True,True,False,10422.7,
3,n117,message Theo and just say 'k',edge_case,easy,send_message,"{""recipient"": ""Theo"", ""message"": ""k""}","{""name"": ""send_message"", ""arguments"": {""recipient"": ""Theo"", ""message"": ""k""}}",send_message,"{""recipient"": ""Theo"", ""message"": ""k""}",True,True,True,False,7945.0,
4,n117,message Theo and just say 'k',edge_case,easy,send_message,"{""recipient"": ""Theo"", ""message"": ""k""}","{""name"": ""send_message"", ""arguments"": {""recipient"": ""Theo"", ""message"": ""k""}}",send_message,"{""recipient"": ""Theo"", ""message"": ""k""}",True,True,True,False,7584.6,
5,n117,message Theo and just say 'k',edge_case,easy,send_message,"{""recipient"": ""Theo"", ""message"": ""k""}","{""name"": ""send_message"", ""arguments"": {""recipient"": ""Theo"", ""message"": ""k""}}",send_message,"{""recipient"": ""Theo"", ""message"": ""k""}",True,True,True,False,7745.5,
6,n117,message Theo and just say 'k',edge_case,easy,send_message,"{""recipient"": ""Theo"", ""message"": ""k""}","{""name"": ""send_message"", ""arguments"": {""recipient"": ""Theo"", ""message"": ""k""}}",send_message,"{""recipient"": ""Theo"", ""message"": ""k""}",True,True,True,False,7502.2,
7,n117,message Theo and just say 'k',edge_case,easy,send_message,"{""recipient"": ""Theo"", ""message"": ""k""}","{""name"": ""send_message"", ""arguments"": {""recipient"": ""Theo"", ""message"": ""k""}}",send_message,"{""recipient"": ""Theo"", ""message"": ""k""}",True,True,True,False,8051.3,
8,n117,message Theo and just say 'k',edge_case,easy,send_message,"{""recipient"": ""Theo"", ""message"": ""k""}","{""name"": ""send_message"", ""arguments"": {""recipient"": ""Theo"", ""message"": ""k""}}",send_message,"{""recipient"": ""Theo"", ""message"": ""k""}",True,True,True,False,7562.1,
1,n118,find Al in my contacts,edge_case,easy,search_contacts,"{""query"": ""Al""}","{""name"": ""search_contacts"", ""arguments"": {""query"": ""Al""}}",search_contacts,"{""query"": ""Al""}",True,True,True,False,6025.0,
2,n118,find Al in my contacts,edge_case,easy,search_contacts,"{""query"": ""Al""}","{""name"": ""search_contacts"", ""arguments"": {""query"": ""Al""}}",search_contacts,"{""query"": ""Al""}",True,True,True,False,6228.6,
3,n118,find Al in my contacts,edge_case,easy,search_contacts,"{""query"": ""Al""}","{""name"": ""search_contacts"", ""arguments"": {""query"": ""Al""}}",search_contacts,"{""query"": ""Al""}",True,True,True,False,6212.2,
4,n118,find Al in my contacts,edge_case,easy,search_contacts,"{""query"": ""Al""}","{""name"": ""search_contacts"", ""arguments"": {""query"": ""Al""}}",search_contacts,"{""query"": ""Al""}",True,True,True,False,6156.7,
5,n118,find Al in my contacts,edge_case,easy,search_contacts,"{""query"": ""Al""}","{""name"": ""search_contacts"", ""arguments"": {""query"": ""Al""}}",search_contacts,"{""query"": ""Al""}",True,True,True,False,5596.1,
6,n118,find Al in my contacts,edge_case,easy,search_contacts,"{""query"": ""Al""}","{""name"": ""search_contacts"", ""arguments"": {""query"": ""Al""}}",search_contacts,"{""query"": ""Al""}",True,True,True,False,6903.9,
7,n118,find Al in my contacts,edge_case,easy,search_contacts,"{""query"": ""Al""}","{""name"": ""search_contacts"", ""arguments"": {""query"": ""Al""}}",search_contacts,"{""query"": ""Al""}",True,True,True,False,5780.6,
8,n118,find Al in my contacts,edge_case,easy,search_contacts,"{""query"": ""Al""}","{""name"": ""search_contacts"", ""arguments"": {""query"": ""Al""}}",search_contacts,"{""query"": ""Al""}",True,True,True,False,6228.1,
1,n119,"can you check contacts real quick, I'm looking for someone named Lee",edge_case,medium,search_contacts,"{""query"": ""Lee""}","{""name"": ""search_contacts"", ""arguments"": {""query"": ""Lee""}}",search_contacts,"{""query"": ""Lee""}",True,True,True,False,6372.6,
2,n119,"can you check contacts real quick, I'm looking for someone named Lee",edge_case,medium,search_contacts,"{""query"": ""Lee""}","{""name"": ""search_contacts"", ""arguments"": {""query"": ""Lee""}}",search_contacts,"{""query"": ""Lee""}",True,True,True,False,6121.7,
3,n119,"can you check contacts real quick, I'm looking for someone named Lee",edge_case,medium,search_contacts,"{""query"": ""Lee""}","{""name"": ""search_contacts"", ""arguments"": {""query"": ""Lee""}}",search_contacts,"{""query"": ""Lee""}",True,True,True,False,5710.5,
4,n119,"can you check contacts real quick, I'm looking for someone named Lee",edge_case,medium,search_contacts,"{""query"": ""Lee""}","{""name"": ""search_contacts"", ""arguments"": {""query"": ""Lee""}}",search_contacts,"{""query"": ""Lee""}",True,True,True,False,5521.6,
5,n119,"can you check contacts real quick, I'm looking for someone named Lee",edge_case,medium,search_contacts,"{""query"": ""Lee""}","{""name"": ""search_contacts"", ""arguments"": {""query"": ""Lee""}}",search_contacts,"{""query"": ""Lee""}",True,True,True,False,5573.9,
6,n119,"can you check contacts real quick, I'm looking for someone named Lee",edge_case,medium,search_contacts,"{""query"": ""Lee""}","{""name"": ""search_contacts"", ""arguments"": {""query"": ""Lee""}}",search_contacts,"{""query"": ""Lee""}",True,True,True,False,7130.7,
7,n119,"can you check contacts real quick, I'm looking for someone named Lee",edge_case,medium,search_contacts,"{""query"": ""Lee""}","{""name"": ""search_contacts"", ""arguments"": {""query"": ""Lee""}}",search_contacts,"{""query"": ""Lee""}",True,True,True,False,6083.9,
8,n119,"can you check contacts real quick, I'm looking for someone named Lee",edge_case,medium,search_contacts,"{""query"": ""Lee""}","{""name"": ""search_contacts"", ""arguments"": {""query"": ""Lee""}}",search_contacts,"{""query"": ""Lee""}",True,True,True,False,5865.5,
1,n120,"set a timer, 25 minutes, don't forget the label this time: 'bread'",edge_case,medium,set_timer,"{""duration_minutes"": 25, ""label"": ""bread""}","{""name"": ""set_timer"", ""arguments"": {""duration_minutes"": 25, ""label"": ""don't forget the label this time: 'bread'""}}",set_timer,"{""duration_minutes"": 25, ""label"": ""don't forget the label this time: 'bread'""}",True,True,True,False,6328.9,
2,n120,"set a timer, 25 minutes, don't forget the label this time: 'bread'",edge_case,medium,set_timer,"{""duration_minutes"": 25, ""label"": ""bread""}","{""name"": ""set_timer"", ""arguments"": {""duration_minutes"": 25, ""label"": ""don't forget the label this time: 'bread'""}}",set_timer,"{""duration_minutes"": 25, ""label"": ""don't forget the label this time: 'bread'""}",True,True,True,False,7557.7,
3,n120,"set a timer, 25 minutes, don't forget the label this time: 'bread'",edge_case,medium,set_timer,"{""duration_minutes"": 25, ""label"": ""bread""}","{""name"": ""set_timer"", ""arguments"": {""duration_minutes"": 25, ""label"": ""bread""}}",set_timer,"{""duration_minutes"": 25, ""label"": ""bread""}",True,True,True,False,6902.6,
4,n120,"set a timer, 25 minutes, don't forget the label this time: 'bread'",edge_case,medium,set_timer,"{""duration_minutes"": 25, ""label"": ""bread""}","{""name"": ""set_timer"", ""arguments"": {""duration_minutes"": 25, ""label"": ""don't forget the label this time: 'bread'""}}",set_timer,"{""duration_minutes"": 25, ""label"": ""don't forget the label this time: 'bread'""}",True,True,True,False,6681.1,
5,n120,"set a timer, 25 minutes, don't forget the label this time: 'bread'",edge_case,medium,set_timer,"{""duration_minutes"": 25, ""label"": ""bread""}","{""name"": ""set_timer"", ""arguments"": {""duration_minutes"": 25, ""label"": ""don't forget the label this time: 'bread'""}}",set_timer,"{""duration_minutes"": 25, ""label"": ""don't forget the label this time: 'bread'""}",True,True,True,False,7808.8,
6,n120,"set a timer, 25 minutes, don't forget the label this time: 'bread'",edge_case,medium,set_timer,"{""duration_minutes"": 25, ""label"": ""bread""}","{""name"": ""set_timer"", ""arguments"": {""duration_minutes"": 25, ""label"": ""don't forget the label this time: 'bread'""}}",set_timer,"{""duration_minutes"": 25, ""label"": ""don't forget the label this time: 'bread'""}",True,True,True,False,7711.1,
7,n120,"set a timer, 25 minutes, don't forget the label this time: 'bread'",edge_case,medium,set_timer,"{""duration_minutes"": 25, ""label"": ""bread""}","{""name"": ""set_timer"", ""arguments"": {""duration_minutes"": 25, ""label"": ""don't forget the label this time: 'bread'""}}",set_timer,"{""duration_minutes"": 25, ""label"": ""don't forget the label this time: 'bread'""}",True,True,True,False,6754.2,
8,n120,"set a timer, 25 minutes, don't forget the label this time: 'bread'",edge_case,medium,set_timer,"{""duration_minutes"": 25, ""label"": ""bread""}","{""name"": ""set_timer"", ""arguments"": {""duration_minutes"": 25, ""label"": ""don't forget the label this time: 'bread'""}}",set_timer,"{""duration_minutes"": 25, ""label"": ""don't forget the label this time: 'bread'""}",True,True,True,False,6076.3,
1,n121,"message Nora, quote: 'see you soon'",edge_case,medium,send_message,"{""recipient"": ""Nora"", ""message"": ""see you soon""}","{""name"": ""send_message"", ""arguments"": {""recipient"": ""Nora"", ""message"": ""see you soon""}}",send_message,"{""recipient"": ""Nora"", ""message"": ""see you soon""}",True,True,True,False,9314.0,
2,n121,"message Nora, quote: 'see you soon'",edge_case,medium,send_message,"{""recipient"": ""Nora"", ""message"": ""see you soon""}","{""name"": ""send_message"", ""arguments"": {""recipient"": ""Nora"", ""message"": ""see you soon""}}",send_message,"{""recipient"": ""Nora"", ""message"": ""see you soon""}",True,True,True,False,6739.4,
3,n121,"message Nora, quote: 'see you soon'",edge_case,medium,send_message,"{""recipient"": ""Nora"", ""message"": ""see you soon""}","{""name"": ""send_message"", ""arguments"": {""recipient"": ""Nora"", ""message"": ""see you soon""}}",send_message,"{""recipient"": ""Nora"", ""message"": ""see you soon""}",True,True,True,False,8535.7,
4,n121,"message Nora, quote: 'see you soon'",edge_case,medium,send_message,"{""recipient"": ""Nora"", ""message"": ""see you soon""}","{""name"": ""send_message"", ""arguments"": {""recipient"": ""Nora"", ""message"": ""see you soon""}}",send_message,"{""recipient"": ""Nora"", ""message"": ""see you soon""}",True,True,True,False,6959.2,
5,n121,"message Nora, quote: 'see you soon'",edge_case,medium,send_message,"{""recipient"": ""Nora"", ""message"": ""see you soon""}","{""name"": ""send_message"", ""arguments"": {""recipient"": ""Nora"", ""message"": ""see you soon""}}",send_message,"{""recipient"": ""Nora"", ""message"": ""see you soon""}",True,True,True,False,7310.3,
6,n121,"message Nora, quote: 'see you soon'",edge_case,medium,send_message,"{""recipient"": ""Nora"", ""message"": ""see you soon""}","{""name"": ""send_message"", ""arguments"": {""recipient"": ""Nora"", ""message"": ""see you soon""}}",send_message,"{""recipient"": ""Nora"", ""message"": ""see you soon""}",True,True,True,False,7431.3,
7,n121,"message Nora, quote: 'see you soon'",edge_case,medium,send_message,"{""recipient"": ""Nora"", ""message"": ""see you soon""}","{""name"": ""send_message"", ""arguments"": {""recipient"": ""Nora"", ""message"": ""see you soon""}}",send_message,"{""recipient"": ""Nora"", ""message"": ""see you soon""}",True,True,True,False,7357.1,
8,n121,"message Nora, quote: 'see you soon'",edge_case,medium,send_message,"{""recipient"": ""Nora"", ""message"": ""see you soon""}","{""name"": ""send_message"", ""arguments"": {""recipient"": ""Nora"", ""message"": ""see you soon""}}",send_message,"{""recipient"": ""Nora"", ""message"": ""see you soon""}",True,True,True,False,7620.3,
1,n122,"weather-wise, how's Jakarta looking",edge_case,medium,get_weather,"{""location"": ""Jakarta""}","{""name"": ""get_weather"", ""arguments"": {""location"": ""Jakarta""}}",get_weather,"{""location"": ""Jakarta""}",True,True,True,False,8349.8,
2,n122,"weather-wise, how's Jakarta looking",edge_case,medium,get_weather,"{""location"": ""Jakarta""}","{""name"": ""get_weather"", ""arguments"": {""location"": ""Jakarta""}}",get_weather,"{""location"": ""Jakarta""}",True,True,True,False,7549.1,
3,n122,"weather-wise, how's Jakarta looking",edge_case,medium,get_weather,"{""location"": ""Jakarta""}","{""name"": ""get_weather"", ""arguments"": {""location"": ""Jakarta""}}",get_weather,"{""location"": ""Jakarta""}",True,True,True,False,8160.7,
4,n122,"weather-wise, how's Jakarta looking",edge_case,medium,get_weather,"{""location"": ""Jakarta""}","{""name"": ""get_weather"", ""arguments"": {""location"": ""Jakarta""}}",get_weather,"{""location"": ""Jakarta""}",True,True,True,False,7678.2,
5,n122,"weather-wise, how's Jakarta looking",edge_case,medium,get_weather,"{""location"": ""Jakarta""}","{""name"": ""get_weather"", ""arguments"": {""location"": ""Jakarta""}}",get_weather,"{""location"": ""Jakarta""}",True,True,True,False,8598.9,
6,n122,"weather-wise, how's Jakarta looking",edge_case,medium,get_weather,"{""location"": ""Jakarta""}","{""name"": ""get_weather"", ""arguments"": {""location"": ""Jakarta""}}",get_weather,"{""location"": ""Jakarta""}",True,True,True,False,8779.3,
7,n122,"weather-wise, how's Jakarta looking",edge_case,medium,get_weather,"{""location"": ""Jakarta""}","{""name"": ""get_weather"", ""arguments"": {""location"": ""Jakarta""}}",get_weather,"{""location"": ""Jakarta""}",True,True,True,False,7740.3,
8,n122,"weather-wise, how's Jakarta looking",edge_case,medium,get_weather,"{""location"": ""Jakarta""}","{""name"": ""get_weather"", ""arguments"": {""location"": ""Jakarta""}}",get_weather,"{""location"": ""Jakarta""}",True,True,True,False,7684.7,
1,n123,is Priti in my contact list or not,edge_case,medium,search_contacts,"{""query"": ""Priti""}","{""name"": ""search_contacts"", ""arguments"": {""query"": ""Priti""}}",search_contacts,"{""query"": ""Priti""}",True,True,True,False,7834.7,
2,n123,is Priti in my contact list or not,edge_case,medium,search_contacts,"{""query"": ""Priti""}","{""name"": ""search_contacts"", ""arguments"": {""query"": ""Priti""}}",search_contacts,"{""query"": ""Priti""}",True,True,True,False,8323.0,
3,n123,is Priti in my contact list or not,edge_case,medium,search_contacts,"{""query"": ""Priti""}","{""name"": ""search_contacts"", ""arguments"": {""query"": ""Priti""}}",search_contacts,"{""query"": ""Priti""}",True,True,True,False,7938.4,
4,n123,is Priti in my contact list or not,edge_case,medium,search_contacts,"{""query"": ""Priti""}","{""name"": ""search_contacts"", ""arguments"": {""query"": ""Priti""}}",search_contacts,"{""query"": ""Priti""}",True,True,True,False,8175.1,
5,n123,is Priti in my contact list or not,edge_case,medium,search_contacts,"{""query"": ""Priti""}","{""name"": ""search_contacts"", ""arguments"": {""query"": ""Priti""}}",search_contacts,"{""query"": ""Priti""}",True,True,True,False,7768.5,
6,n123,is Priti in my contact list or not,edge_case,medium,search_contacts,"{""query"": ""Priti""}","{""name"": ""search_contacts"", ""arguments"": {""query"": ""Priti""}}",search_contacts,"{""query"": ""Priti""}",True,True,True,False,8493.4,
7,n123,is Priti in my contact list or not,edge_case,medium,search_contacts,"{""query"": ""Priti""}","{""name"": ""search_contacts"", ""arguments"": {""query"": ""Priti""}}",search_contacts,"{""query"": ""Priti""}",True,True,True,False,7324.2,
8,n123,is Priti in my contact list or not,edge_case,medium,search_contacts,"{""query"": ""Priti""}","{""name"": ""search_contacts"", ""arguments"": {""query"": ""Priti""}}",search_contacts,"{""query"": ""Priti""}",True,True,True,False,8210.7,
1,n124,"set a fifteen minute timer, label it 'call mom'",edge_case,medium,set_timer,"{""duration_minutes"": 15, ""label"": ""call mom""}","{""name"": ""set_timer"", ""arguments"": {""duration_minutes"": 15, ""label"": ""call mom""}}",set_timer,"{""duration_minutes"": 15, ""label"": ""call mom""}",True,True,True,False,8707.2,
2,n124,"set a fifteen minute timer, label it 'call mom'",edge_case,medium,set_timer,"{""duration_minutes"": 15, ""label"": ""call mom""}","{""name"": ""set_timer"", ""arguments"": {""duration_minutes"": 15, ""label"": ""call mom""}}",set_timer,"{""duration_minutes"": 15, ""label"": ""call mom""}",True,True,True,False,8085.2,
3,n124,"set a fifteen minute timer, label it 'call mom'",edge_case,medium,set_timer,"{""duration_minutes"": 15, ""label"": ""call mom""}","{""name"": ""set_timer"", ""arguments"": {""duration_minutes"": 15, ""label"": ""call mom""}}",set_timer,"{""duration_minutes"": 15, ""label"": ""call mom""}",True,True,True,False,8467.0,
4,n124,"set a fifteen minute timer, label it 'call mom'",edge_case,medium,set_timer,"{""duration_minutes"": 15, ""label"": ""call mom""}","{""name"": ""set_timer"", ""arguments"": {""duration_minutes"": 15, ""label"": ""call mom""}}",set_timer,"{""duration_minutes"": 15, ""label"": ""call mom""}",True,True,True,False,9861.1,
5,n124,"set a fifteen minute timer, label it 'call mom'",edge_case,medium,set_timer,"{""duration_minutes"": 15, ""label"": ""call mom""}","{""name"": ""set_timer"", ""arguments"": {""duration_minutes"": 15, ""label"": ""call mom""}}",set_timer,"{""duration_minutes"": 15, ""label"": ""call mom""}",True,True,True,False,9061.9,
6,n124,"set a fifteen minute timer, label it 'call mom'",edge_case,medium,set_timer,"{""duration_minutes"": 15, ""label"": ""call mom""}","{""name"": ""set_timer"", ""arguments"": {""duration_minutes"": 15, ""label"": ""call mom""}}",set_timer,"{""duration_minutes"": 15, ""label"": ""call mom""}",True,True,True,False,8727.1,
7,n124,"set a fifteen minute timer, label it 'call mom'",edge_case,medium,set_timer,"{""duration_minutes"": 15, ""label"": ""call mom""}","{""name"": ""set_timer"", ""arguments"": {""duration_minutes"": 15, ""label"": ""call mom""}}",set_timer,"{""duration_minutes"": 15, ""label"": ""call mom""}",True,True,True,False,8683.7,
8,n124,"set a fifteen minute timer, label it 'call mom'",edge_case,medium,set_timer,"{""duration_minutes"": 15, ""label"": ""call mom""}","{""name"": ""set_timer"", ""arguments"": {""duration_minutes"": 15, ""label"": ""call mom""}}",set_timer,"{""duration_minutes"": 15, ""label"": ""call mom""}",True,True,True,False,9509.9,
1,n125,find out how the weather's doing in Prague,edge_case,hard,get_weather,"{""location"": ""Prague""}","{""name"": ""get_weather"", ""arguments"": {""location"": ""Prague""}}",get_weather,"{""location"": ""Prague""}",True,True,True,False,6947.0,
2,n125,find out how the weather's doing in Prague,edge_case,hard,get_weather,"{""location"": ""Prague""}","{""name"": ""get_weather"", ""arguments"": {""location"": ""Prague""}}",get_weather,"{""location"": ""Prague""}",True,True,True,False,6661.5,
3,n125,find out how the weather's doing in Prague,edge_case,hard,get_weather,"{""location"": ""Prague""}","{""name"": ""get_weather"", ""arguments"": {""location"": ""Prague""}}",get_weather,"{""location"": ""Prague""}",True,True,True,False,7551.8,
4,n125,find out how the weather's doing in Prague,edge_case,hard,get_weather,"{""location"": ""Prague""}","{""name"": ""get_weather"", ""arguments"": {""location"": ""Prague""}}",get_weather,"{""location"": ""Prague""}",True,True,True,False,8615.7,
5,n125,find out how the weather's doing in Prague,edge_case,hard,get_weather,"{""location"": ""Prague""}","{""name"": ""get_weather"", ""arguments"": {""location"": ""Prague""}}",get_weather,"{""location"": ""Prague""}",True,True,True,False,9785.5,
6,n125,find out how the weather's doing in Prague,edge_case,hard,get_weather,"{""location"": ""Prague""}","{""name"": ""get_weather"", ""arguments"": {""location"": ""Prague""}}",get_weather,"{""location"": ""Prague""}",True,True,True,False,7720.2,
7,n125,find out how the weather's doing in Prague,edge_case,hard,get_weather,"{""location"": ""Prague""}","{""name"": ""get_weather"", ""arguments"": {""location"": ""Prague""}}",get_weather,"{""location"": ""Prague""}",True,True,True,False,8463.8,
8,n125,find out how the weather's doing in Prague,edge_case,hard,get_weather,"{""location"": ""Prague""}","{""name"": ""get_weather"", ""arguments"": {""location"": ""Prague""}}",get_weather,"{""location"": ""Prague""}",True,True,True,False,7877.5,
1,n126,look up the weather for Warsaw,edge_case,hard,get_weather,"{""location"": ""Warsaw""}","{""name"": ""get_weather"", ""arguments"": {""location"": ""Warsaw""}}",get_weather,"{""location"": ""Warsaw""}",True,True,True,False,10302.5,
2,n126,look up the weather for Warsaw,edge_case,hard,get_weather,"{""location"": ""Warsaw""}","{""name"": ""get_weather"", ""arguments"": {""location"": ""Warsaw""}}",get_weather,"{""location"": ""Warsaw""}",True,True,True,False,8917.5,
3,n126,look up the weather for Warsaw,edge_case,hard,get_weather,"{""location"": ""Warsaw""}","{""name"": ""get_weather"", ""arguments"": {""location"": ""Warsaw""}}",get_weather,"{""location"": ""Warsaw""}",True,True,True,False,8524.6,
4,n126,look up the weather for Warsaw,edge_case,hard,get_weather,"{""location"": ""Warsaw""}","{""name"": ""get_weather"", ""arguments"": {""location"": ""Warsaw""}}",get_weather,"{""location"": ""Warsaw""}",True,True,True,False,7334.4,
5,n126,look up the weather for Warsaw,edge_case,hard,get_weather,"{""location"": ""Warsaw""}","{""name"": ""get_weather"", ""arguments"": {""location"": ""Warsaw""}}",get_weather,"{""location"": ""Warsaw""}",True,True,True,False,8105.0,
6,n126,look up the weather for Warsaw,edge_case,hard,get_weather,"{""location"": ""Warsaw""}","{""name"": ""get_weather"", ""arguments"": {""location"": ""Warsaw""}}",get_weather,"{""location"": ""Warsaw""}",True,True,True,False,8110.5,
7,n126,look up the weather for Warsaw,edge_case,hard,get_weather,"{""location"": ""Warsaw""}","{""name"": ""get_weather"", ""arguments"": {""location"": ""Warsaw""}}",get_weather,"{""location"": ""Warsaw""}",True,True,True,False,9113.8,
8,n126,look up the weather for Warsaw,edge_case,hard,get_weather,"{""location"": ""Warsaw""}","{""name"": ""get_weather"", ""arguments"": {""location"": ""Warsaw""}}",get_weather,"{""location"": ""Warsaw""}",True,True,True,False,7521.7,
1,n127,search for the current conditions in Vancouver,edge_case,hard,get_weather,"{""location"": ""Vancouver""}","{""name"": ""get_weather"", ""arguments"": {""location"": ""Vancouver""}}",get_weather,"{""location"": ""Vancouver""}",True,True,True,False,9497.0,
2,n127,search for the current conditions in Vancouver,edge_case,hard,get_weather,"{""location"": ""Vancouver""}","{""name"": ""get_weather"", ""arguments"": {""location"": ""Vancouver""}}",get_weather,"{""location"": ""Vancouver""}",True,True,True,False,9333.1,
3,n127,search for the current conditions in Vancouver,edge_case,hard,get_weather,"{""location"": ""Vancouver""}","{""name"": ""get_weather"", ""arguments"": {""location"": ""Vancouver""}}",get_weather,"{""location"": ""Vancouver""}",True,True,True,False,10116.4,
4,n127,search for the current conditions in Vancouver,edge_case,hard,get_weather,"{""location"": ""Vancouver""}","{""name"": ""get_weather"", ""arguments"": {""location"": ""Vancouver""}}",get_weather,"{""location"": ""Vancouver""}",True,True,True,False,10084.3,
5,n127,search for the current conditions in Vancouver,edge_case,hard,get_weather,"{""location"": ""Vancouver""}","{""name"": ""get_weather"", ""arguments"": {""location"": ""Vancouver""}}",get_weather,"{""location"": ""Vancouver""}",True,True,True,False,8832.2,
6,n127,search for the current conditions in Vancouver,edge_case,hard,get_weather,"{""location"": ""Vancouver""}","{""name"": ""get_weather"", ""arguments"": {""location"": ""Vancouver""}}",get_weather,"{""location"": ""Vancouver""}",True,True,True,False,8524.2,
7,n127,search for the current conditions in Vancouver,edge_case,hard,get_weather,"{""location"": ""Vancouver""}","{""name"": ""get_weather"", ""arguments"": {""location"": ""Vancouver""}}",get_weather,"{""location"": ""Vancouver""}",True,True,True,False,9882.0,
8,n127,search for the current conditions in Vancouver,edge_case,hard,get_weather,"{""location"": ""Vancouver""}","{""name"": ""get_weather"", ""arguments"": {""location"": ""Vancouver""}}",get_weather,"{""location"": ""Vancouver""}",True,True,True,False,10211.9,
1,n128,"can you check if Marco is around, look him up in my contacts",edge_case,hard,search_contacts,"{""query"": ""Marco""}","{""name"": ""search_contacts"", ""arguments"": {""query"": ""Marco""}}",search_contacts,"{""query"": ""Marco""}",True,True,True,False,7796.8,
2,n128,"can you check if Marco is around, look him up in my contacts",edge_case,hard,search_contacts,"{""query"": ""Marco""}","{""name"": ""search_contacts"", ""arguments"": {""query"": ""Marco""}}",search_contacts,"{""query"": ""Marco""}",True,True,True,False,9193.9,
3,n128,"can you check if Marco is around, look him up in my contacts",edge_case,hard,search_contacts,"{""query"": ""Marco""}","{""name"": ""search_contacts"", ""arguments"": {""query"": ""Marco""}}",search_contacts,"{""query"": ""Marco""}",True,True,True,False,9246.4,
4,n128,"can you check if Marco is around, look him up in my contacts",edge_case,hard,search_contacts,"{""query"": ""Marco""}","{""name"": ""search_contacts"", ""arguments"": {""query"": ""Marco""}}",search_contacts,"{""query"": ""Marco""}",True,True,True,False,7895.0,
5,n128,"can you check if Marco is around, look him up in my contacts",edge_case,hard,search_contacts,"{""query"": ""Marco""}","{""name"": ""search_contacts"", ""arguments"": {""query"": ""Marco""}}",search_contacts,"{""query"": ""Marco""}",True,True,True,False,8742.6,
6,n128,"can you check if Marco is around, look him up in my contacts",edge_case,hard,search_contacts,"{""query"": ""Marco""}","{""name"": ""search_contacts"", ""arguments"": {""query"": ""Marco""}}",search_contacts,"{""query"": ""Marco""}",True,True,True,False,9593.5,
7,n128,"can you check if Marco is around, look him up in my contacts",edge_case,hard,search_contacts,"{""query"": ""Marco""}","{""name"": ""search_contacts"", ""arguments"": {""query"": ""Marco""}}",search_contacts,"{""query"": ""Marco""}",True,True,True,False,8219.6,
8,n128,"can you check if Marco is around, look him up in my contacts",edge_case,hard,search_contacts,"{""query"": ""Marco""}","{""name"": ""search_contacts"", ""arguments"": {""query"": ""Marco""}}",search_contacts,"{""query"": ""Marco""}",True,True,True,False,9110.4,
1,n129,"text Priya... actually no, just set a timer for 20 minutes labeled gym",edge_case,hard,set_timer,"{""duration_minutes"": 20, ""label"": ""gym""}","{""name"": ""set_timer"", ""arguments"": {""duration_minutes"": 20, ""label"": ""gym""}}",set_timer,"{""duration_minutes"": 20, ""label"": ""gym""}",True,True,True,False,8569.1,
2,n129,"text Priya... actually no, just set a timer for 20 minutes labeled gym",edge_case,hard,set_timer,"{""duration_minutes"": 20, ""label"": ""gym""}","{""name"": ""set_timer"", ""arguments"": {""duration_minutes"": 20, ""label"": ""gym""}}",set_timer,"{""duration_minutes"": 20, ""label"": ""gym""}",True,True,True,False,11062.2,
3,n129,"text Priya... actually no, just set a timer for 20 minutes labeled gym",edge_case,hard,set_timer,"{""duration_minutes"": 20, ""label"": ""gym""}","{""name"": ""set_timer"", ""arguments"": {""duration_minutes"": 20, ""label"": ""gym""}}",set_timer,"{""duration_minutes"": 20, ""label"": ""gym""}",True,True,True,False,10508.1,
4,n129,"text Priya... actually no, just set a timer for 20 minutes labeled gym",edge_case,hard,set_timer,"{""duration_minutes"": 20, ""label"": ""gym""}","{""name"": ""set_timer"", ""arguments"": {""duration_minutes"": 20, ""label"": ""gym""}}",set_timer,"{""duration_minutes"": 20, ""label"": ""gym""}",True,True,True,False,9203.4,
5,n129,"text Priya... actually no, just set a timer for 20 minutes labeled gym",edge_case,hard,set_timer,"{""duration_minutes"": 20, ""label"": ""gym""}","{""name"": ""set_timer"", ""arguments"": {""duration_minutes"": 20, ""label"": ""gym""}}",set_timer,"{""duration_minutes"": 20, ""label"": ""gym""}",True,True,True,False,8769.8,
6,n129,"text Priya... actually no, just set a timer for 20 minutes labeled gym",edge_case,hard,set_timer,"{""duration_minutes"": 20, ""label"": ""gym""}","{""name"": ""set_timer"", ""arguments"": {""duration_minutes"": 20, ""label"": ""gym""}}",set_timer,"{""duration_minutes"": 20, ""label"": ""gym""}",True,True,True,False,8832.9,
7,n129,"text Priya... actually no, just set a timer for 20 minutes labeled gym",edge_case,hard,set_timer,"{""duration_minutes"": 20, ""label"": ""gym""}","{""name"": ""set_timer"", ""arguments"": {""duration_minutes"": 20, ""label"": ""gym""}}",set_timer,"{""duration_minutes"": 20, ""label"": ""gym""}",True,True,True,False,9160.7,
8,n129,"text Priya... actually no, just set a timer for 20 minutes labeled gym",edge_case,hard,set_timer,"{""duration_minutes"": 20, ""label"": ""gym""}","{""name"": ""set_timer"", ""arguments"": {""duration_minutes"": 20, ""label"": ""gym""}}",set_timer,"{""duration_minutes"": 20, ""label"": ""gym""}",True,True,True,False,9243.0,
1,n130,call it a 'break' and set the timer for 12 minutes,edge_case,hard,set_timer,"{""duration_minutes"": 12, ""label"": ""break""}","{""name"": ""set_timer"", ""arguments"": {""duration_minutes"": 12, ""label"": ""take a break""}}",set_timer,"{""duration_minutes"": 12, ""label"": ""take a break""}",True,True,True,False,8700.8,
2,n130,call it a 'break' and set the timer for 12 minutes,edge_case,hard,set_timer,"{""duration_minutes"": 12, ""label"": ""break""}","{""name"": ""set_timer"", ""arguments"": {""duration_minutes"": 12, ""label"": ""Break""}}",set_timer,"{""duration_minutes"": 12, ""label"": ""Break""}",True,True,True,False,10031.5,
3,n130,call it a 'break' and set the timer for 12 minutes,edge_case,hard,set_timer,"{""duration_minutes"": 12, ""label"": ""break""}","{""name"": ""set_timer"", ""arguments"": {""duration_minutes"": 12, ""label"": ""Break""}}",set_timer,"{""duration_minutes"": 12, ""label"": ""Break""}",True,True,True,False,7427.3,
4,n130,call it a 'break' and set the timer for 12 minutes,edge_case,hard,set_timer,"{""duration_minutes"": 12, ""label"": ""break""}","{""name"": ""set_timer"", ""arguments"": {""duration_minutes"": 12, ""label"": ""break time""}}",set_timer,"{""duration_minutes"": 12, ""label"": ""break time""}",True,True,True,False,8313.5,
5,n130,call it a 'break' and set the timer for 12 minutes,edge_case,hard,set_timer,"{""duration_minutes"": 12, ""label"": ""break""}","{""name"": ""set_timer"", ""arguments"": {""duration_minutes"": 12, ""label"": ""break""}}",set_timer,"{""duration_minutes"": 12, ""label"": ""break""}",True,True,True,False,7537.4,
6,n130,call it a 'break' and set the timer for 12 minutes,edge_case,hard,set_timer,"{""duration_minutes"": 12, ""label"": ""break""}","{""name"": ""set_timer"", ""arguments"": {""duration_minutes"": 12, ""label"": ""Break""}}",set_timer,"{""duration_minutes"": 12, ""label"": ""Break""}",True,True,True,False,10712.6,
7,n130,call it a 'break' and set the timer for 12 minutes,edge_case,hard,set_timer,"{""duration_minutes"": 12, ""label"": ""break""}","{""name"": ""set_timer"", ""arguments"": {""duration_minutes"": 12, ""label"": ""Break Time""}}",set_timer,"{""duration_minutes"": 12, ""label"": ""Break Time""}",True,True,True,False,11213.8,
8,n130,call it a 'break' and set the timer for 12 minutes,edge_case,hard,set_timer,"{""duration_minutes"": 12, ""label"": ""break""}","{""name"": ""set_timer"", ""arguments"": {""duration_minutes"": 12, ""label"": ""Break""}}",set_timer,"{""duration_minutes"": 12, ""label"": ""Break""}",True,True,True,False,8562.9,
1,n131,"search contacts... wait, just message Elif that I'm outside",edge_case,hard,send_message,"{""recipient"": ""Elif"", ""message"": ""I'm outside""}","{""name"": ""send_message"", ""arguments"": {""recipient"": ""Elif"", ""message"": ""I'm outside""}}",send_message,"{""recipient"": ""Elif"", ""message"": ""I'm outside""}",True,True,True,False,8002.7,
2,n131,"search contacts... wait, just message Elif that I'm outside",edge_case,hard,send_message,"{""recipient"": ""Elif"", ""message"": ""I'm outside""}","{""name"": ""send_message"", ""arguments"": {""recipient"": ""Elif"", ""message"": ""I'm outside""}}",send_message,"{""recipient"": ""Elif"", ""message"": ""I'm outside""}",True,True,True,False,9433.9,
3,n131,"search contacts... wait, just message Elif that I'm outside",edge_case,hard,send_message,"{""recipient"": ""Elif"", ""message"": ""I'm outside""}","{""name"": ""send_message"", ""arguments"": {""recipient"": ""Elif"", ""message"": ""I'm outside""}}",send_message,"{""recipient"": ""Elif"", ""message"": ""I'm outside""}",True,True,True,False,9445.1,
4,n131,"search contacts... wait, just message Elif that I'm outside",edge_case,hard,send_message,"{""recipient"": ""Elif"", ""message"": ""I'm outside""}","{""name"": ""send_message"", ""arguments"": {""recipient"": ""Elif"", ""message"": ""I'm outside""}}",send_message,"{""recipient"": ""Elif"", ""message"": ""I'm outside""}",True,True,True,False,8461.9,
5,n131,"search contacts... wait, just message Elif that I'm outside",edge_case,hard,send_message,"{""recipient"": ""Elif"", ""message"": ""I'm outside""}","{""name"": ""send_message"", ""arguments"": {""recipient"": ""Elif"", ""message"": ""I'm outside""}}",send_message,"{""recipient"": ""Elif"", ""message"": ""I'm outside""}",True,True,True,False,9048.5,
6,n131,"search contacts... wait, just message Elif that I'm outside",edge_case,hard,send_message,"{""recipient"": ""Elif"", ""message"": ""I'm outside""}","{""name"": ""send_message"", ""arguments"": {""recipient"": ""Elif"", ""message"": ""I'm outside /wait""}}",send_message,"{""recipient"": ""Elif"", ""message"": ""I'm outside /wait""}",True,True,True,False,10334.4,
7,n131,"search contacts... wait, just message Elif that I'm outside",edge_case,hard,send_message,"{""recipient"": ""Elif"", ""message"": ""I'm outside""}","{""name"": ""send_message"", ""arguments"": {""recipient"": ""Elif"", ""message"": ""I'm outside""}}",send_message,"{""recipient"": ""Elif"", ""message"": ""I'm outside""}",True,True,True,False,7815.0,
8,n131,"search contacts... wait, just message Elif that I'm outside",edge_case,hard,send_message,"{""recipient"": ""Elif"", ""message"": ""I'm outside""}","{""name"": ""send_message"", ""arguments"": {""recipient"": ""Elif"", ""message"": ""I'm outside""}}",send_message,"{""recipient"": ""Elif"", ""message"": ""I'm outside""}",True,True,True,False,9406.4,
1,n132,"text Sam, no wait, text Sara instead: I'm almost there",edge_case,hard,send_message,"{""recipient"": ""Sara"", ""message"": ""I'm almost there""}","{""name"": ""send_message"", ""arguments"": {""recipient"": ""Sara"", ""message"": ""I'm almost there""}}",send_message,"{""recipient"": ""Sara"", ""message"": ""I'm almost there""}",True,True,True,False,13719.3,
2,n132,"text Sam, no wait, text Sara instead: I'm almost there",edge_case,hard,send_message,"{""recipient"": ""Sara"", ""message"": ""I'm almost there""}","{""name"": ""send_message"", ""arguments"": {""recipient"": ""Sam"", ""message"": ""text Sam, no wait, text Sara instead: I'm almost there""}}
{""name"": ""send_message"", ""arguments"": {""recipient"": ""Sara"", ""message"": ""text Sam, no wait, text Sara instead: I'm almost there""}}",,,False,False,True,False,15550.7,
3,n132,"text Sam, no wait, text Sara instead: I'm almost there",edge_case,hard,send_message,"{""recipient"": ""Sara"", ""message"": ""I'm almost there""}","{""name"": ""send_message"", ""arguments"": {""recipient"": ""Sam"", ""message"": ""no wait, text Sara instead: I'm almost there""}}  
{""name"": ""send_message"", ""arguments"": {""recipient"": ""Sara"", ""message"": ""I'm almost there""}}",,,False,False,True,False,18372.5,
4,n132,"text Sam, no wait, text Sara instead: I'm almost there",edge_case,hard,send_message,"{""recipient"": ""Sara"", ""message"": ""I'm almost there""}",None of the provided tools can be used to process the text message.,,,False,False,True,False,31997.4,
5,n132,"text Sam, no wait, text Sara instead: I'm almost there",edge_case,hard,send_message,"{""recipient"": ""Sara"", ""message"": ""I'm almost there""}","{""name"": ""send_message"", ""arguments"": {""recipient"": ""Sara"", ""message"": ""text Sara instead: I'm almost there""}}",send_message,"{""recipient"": ""Sara"", ""message"": ""text Sara instead: I'm almost there""}",True,True,True,False,14615.4,
6,n132,"text Sam, no wait, text Sara instead: I'm almost there",edge_case,hard,send_message,"{""recipient"": ""Sara"", ""message"": ""I'm almost there""}","{""name"": ""send_message"", ""arguments"": {""recipient"": ""Sam"", ""message"": ""no wait, text Sara instead: I'm almost there""}}",send_message,"{""recipient"": ""Sam"", ""message"": ""no wait, text Sara instead: I'm almost there""}",True,False,True,False,10096.2,
7,n132,"text Sam, no wait, text Sara instead: I'm almost there",edge_case,hard,send_message,"{""recipient"": ""Sara"", ""message"": ""I'm almost there""}","{""name"": ""send_message"", ""arguments"": {""recipient"": ""Sara"", ""message"": ""I'm almost there""}}",send_message,"{""recipient"": ""Sara"", ""message"": ""I'm almost there""}",True,True,True,False,11575.3,
8,n132,"text Sam, no wait, text Sara instead: I'm almost there",edge_case,hard,send_message,"{""recipient"": ""Sara"", ""message"": ""I'm almost there""}","{""name"": ""send_message"", ""arguments"": {""recipient"": ""Sara"", ""message"": ""I'm almost there""}}",send_message,"{""recipient"": ""Sara"", ""message"": ""I'm almost there""}",True,True,True,False,10911.1,
1,n133,"weather in Rio de Janeiro, not Sao Paulo, please",edge_case,hard,get_weather,"{""location"": ""Rio de Janeiro""}","{""name"": ""get_weather"", ""arguments"": {""location"": ""Rio de Janeiro""}}",get_weather,"{""location"": ""Rio de Janeiro""}",True,True,True,False,10157.8,
2,n133,"weather in Rio de Janeiro, not Sao Paulo, please",edge_case,hard,get_weather,"{""location"": ""Rio de Janeiro""}","{""name"": ""get_weather"", ""arguments"": {""location"": ""Rio de Janeiro""}}",get_weather,"{""location"": ""Rio de Janeiro""}",True,True,True,False,9081.6,
3,n133,"weather in Rio de Janeiro, not Sao Paulo, please",edge_case,hard,get_weather,"{""location"": ""Rio de Janeiro""}","{""name"": ""get_weather"", ""arguments"": {""location"": ""Rio de Janeiro""}}",get_weather,"{""location"": ""Rio de Janeiro""}",True,True,True,False,9976.0,
4,n133,"weather in Rio de Janeiro, not Sao Paulo, please",edge_case,hard,get_weather,"{""location"": ""Rio de Janeiro""}","{""name"": ""get_weather"", ""arguments"": {""location"": ""Rio de Janeiro""}}",get_weather,"{""location"": ""Rio de Janeiro""}",True,True,True,False,7260.9,
5,n133,"weather in Rio de Janeiro, not Sao Paulo, please",edge_case,hard,get_weather,"{""location"": ""Rio de Janeiro""}","{""name"": ""get_weather"", ""arguments"": {""location"": ""Rio de Janeiro""}}",get_weather,"{""location"": ""Rio de Janeiro""}",True,True,True,False,11707.4,
6,n133,"weather in Rio de Janeiro, not Sao Paulo, please",edge_case,hard,get_weather,"{""location"": ""Rio de Janeiro""}",,get_weather,"{""location"": ""Rio de Janeiro""}",True,True,True,False,10645.7,
7,n133,"weather in Rio de Janeiro, not Sao Paulo, please",edge_case,hard,get_weather,"{""location"": ""Rio de Janeiro""}","{""name"": ""get_weather"", ""arguments"": {""location"": ""Rio de Janeiro""}}",get_weather,"{""location"": ""Rio de Janeiro""}",True,True,True,False,8345.5,
8,n133,"weather in Rio de Janeiro, not Sao Paulo, please",edge_case,hard,get_weather,"{""location"": ""Rio de Janeiro""}","{""name"": ""get_weather"", ""arguments"": {""location"": ""Rio de Janeiro""}}",get_weather,"{""location"": ""Rio de Janeiro""}",True,True,True,False,8573.7,
1,n134,"find Ana in contacts, she's not the same Ana from work, the one from college",edge_case,hard,search_contacts,"{""query"": ""Ana""}","{""name"": ""search_contacts"", ""arguments"": {""query"": ""Ana""}}",search_contacts,"{""query"": ""Ana""}",True,True,True,False,12973.3,
2,n134,"find Ana in contacts, she's not the same Ana from work, the one from college",edge_case,hard,search_contacts,"{""query"": ""Ana""}","{""name"": ""search_contacts"", ""arguments"": {""query"": ""Ana""}}",search_contacts,"{""query"": ""Ana""}",True,True,True,False,10010.9,
3,n134,"find Ana in contacts, she's not the same Ana from work, the one from college",edge_case,hard,search_contacts,"{""query"": ""Ana""}","{""name"": ""search_contacts"", ""arguments"": {""query"": ""Ana""}}",search_contacts,"{""query"": ""Ana""}",True,True,True,False,8394.9,
4,n134,"find Ana in contacts, she's not the same Ana from work, the one from college",edge_case,hard,search_contacts,"{""query"": ""Ana""}","{""name"": ""search_contacts"", ""arguments"": {""query"": ""Ana""}}",search_contacts,"{""query"": ""Ana""}",True,True,True,False,10936.8,
5,n134,"find Ana in contacts, she's not the same Ana from work, the one from college",edge_case,hard,search_contacts,"{""query"": ""Ana""}","{""name"": ""search_contacts"", ""arguments"": {""query"": ""Ana""}}",search_contacts,"{""query"": ""Ana""}",True,True,True,False,8467.7,
6,n134,"find Ana in contacts, she's not the same Ana from work, the one from college",edge_case,hard,search_contacts,"{""query"": ""Ana""}","{""name"": ""search_contacts"", ""arguments"": {""query"": ""Ana""}}",search_contacts,"{""query"": ""Ana""}",True,True,True,False,9515.5,
7,n134,"find Ana in contacts, she's not the same Ana from work, the one from college",edge_case,hard,search_contacts,"{""query"": ""Ana""}","{""name"": ""search_contacts"", ""arguments"": {""query"": ""Ana""}}",search_contacts,"{""query"": ""Ana""}",True,True,True,False,8341.8,
8,n134,"find Ana in contacts, she's not the same Ana from work, the one from college",edge_case,hard,search_contacts,"{""query"": ""Ana""}","{""name"": ""search_contacts"", ""arguments"": {""query"": ""Ana""}}",search_contacts,"{""query"": ""Ana""}",True,True,True,False,9805.0,
1,n135,"set a timer for the cookies, 12 minutes, not the 20 minute one for the bread",edge_case,hard,set_timer,"{""duration_minutes"": 12, ""label"": ""cookies""}","{""name"": ""set_timer"", ""arguments"": {""duration_minutes"": 12, ""label"": ""cookies""}}",set_timer,"{""duration_minutes"": 12, ""label"": ""cookies""}",True,True,True,False,9324.5,
2,n135,"set a timer for the cookies, 12 minutes, not the 20 minute one for the bread",edge_case,hard,set_timer,"{""duration_minutes"": 12, ""label"": ""cookies""}","{""name"": ""set_timer"", ""arguments"": {""duration_minutes"": 12, ""label"": ""cookies""}}",set_timer,"{""duration_minutes"": 12, ""label"": ""cookies""}",True,True,True,False,12224.2,
3,n135,"set a timer for the cookies, 12 minutes, not the 20 minute one for the bread",edge_case,hard,set_timer,"{""duration_minutes"": 12, ""label"": ""cookies""}","{""name"": ""set_timer"", ""arguments"": {""duration_minutes"": 12, ""label"": ""cookies""}}",set_timer,"{""duration_minutes"": 12, ""label"": ""cookies""}",True,True,True,False,21898.3,
4,n135,"set a timer for the cookies, 12 minutes, not the 20 minute one for the bread",edge_case,hard,set_timer,"{""duration_minutes"": 12, ""label"": ""cookies""}","{""name"": ""set_timer"", ""arguments"": {""duration_minutes"": 12, ""label"": ""cookies""}}",set_timer,"{""duration_minutes"": 12, ""label"": ""cookies""}",True,True,True,False,9266.1,
5,n135,"set a timer for the cookies, 12 minutes, not the 20 minute one for the bread",edge_case,hard,set_timer,"{""duration_minutes"": 12, ""label"": ""cookies""}","```json
{""name"": ""set_timer"", ""arguments"": {""duration_minutes"": 12, ""label"": ""cookies""}}
```",set_timer,"{""duration_minutes"": 12, ""label"": ""cookies""}",True,True,True,False,9458.0,
6,n135,"set a timer for the cookies, 12 minutes, not the 20 minute one for the bread",edge_case,hard,set_timer,"{""duration_minutes"": 12, ""label"": ""cookies""}","{""name"": ""set_timer"", ""arguments"": {""duration_minutes"": 12, ""label"": ""cookies""}}",set_timer,"{""duration_minutes"": 12, ""label"": ""cookies""}",True,True,True,False,11479.2,
7,n135,"set a timer for the cookies, 12 minutes, not the 20 minute one for the bread",edge_case,hard,set_timer,"{""duration_minutes"": 12, ""label"": ""cookies""}",,set_timer,"{""duration_minutes"": 12, ""label"": ""cookies""}",True,True,True,False,17594.0,
8,n135,"set a timer for the cookies, 12 minutes, not the 20 minute one for the bread",edge_case,hard,set_timer,"{""duration_minutes"": 12, ""label"": ""cookies""}","```json
{""name"": ""set_timer"", ""arguments"": {""duration_minutes"": 12, ""label"": ""cookies""}}
```  
{""name"": ""set_timer"", ""arguments"": {""duration_minutes"": 12, ""label"": ""bread""}}
```",set_timer,"{""duration_minutes"": 12, ""label"": ""cookies""}",True,True,True,False,18689.2,
1,n136,"message Grandpa Joe, I mean my actual grandfather not my uncle who everyone calls Grandpa Joe: dinner's at 6",edge_case,hard,send_message,"{""recipient"": ""Grandpa Joe"", ""message"": ""dinner's at 6""}","{""name"": ""send_message"", ""arguments"": {""recipient"": ""Grandpa Joe"", ""message"": ""dinner's at 6""}}",send_message,"{""recipient"": ""Grandpa Joe"", ""message"": ""dinner's at 6""}",True,True,True,False,11628.5,
2,n136,"message Grandpa Joe, I mean my actual grandfather not my uncle who everyone calls Grandpa Joe: dinner's at 6",edge_case,hard,send_message,"{""recipient"": ""Grandpa Joe"", ""message"": ""dinner's at 6""}","{""name"": ""send_message"", ""arguments"": {""recipient"": ""Grandpa Joe"", ""message"": ""dinner's at 6""}}",send_message,"{""recipient"": ""Grandpa Joe"", ""message"": ""dinner's at 6""}",True,True,True,False,10715.3,
3,n136,"message Grandpa Joe, I mean my actual grandfather not my uncle who everyone calls Grandpa Joe: dinner's at 6",edge_case,hard,send_message,"{""recipient"": ""Grandpa Joe"", ""message"": ""dinner's at 6""}","{""name"": ""send_message"", ""arguments"": {""recipient"": ""Grandpa Joe"", ""message"": ""dinner's at 6""}}",send_message,"{""recipient"": ""Grandpa Joe"", ""message"": ""dinner's at 6""}",True,True,True,False,9954.0,
4,n136,"message Grandpa Joe, I mean my actual grandfather not my uncle who everyone calls Grandpa Joe: dinner's at 6",edge_case,hard,send_message,"{""recipient"": ""Grandpa Joe"", ""message"": ""dinner's at 6""}","{""name"": ""send_message"", ""arguments"": {""recipient"": ""Grandpa Joe"", ""message"": ""dinner's at 6""}}",send_message,"{""recipient"": ""Grandpa Joe"", ""message"": ""dinner's at 6""}",True,True,True,False,11242.9,
5,n136,"message Grandpa Joe, I mean my actual grandfather not my uncle who everyone calls Grandpa Joe: dinner's at 6",edge_case,hard,send_message,"{""recipient"": ""Grandpa Joe"", ""message"": ""dinner's at 6""}","{""name"": ""send_message"", ""arguments"": {""recipient"": ""Grandpa Joe"", ""message"": ""dinner's at 6""}}",send_message,"{""recipient"": ""Grandpa Joe"", ""message"": ""dinner's at 6""}",True,True,True,False,11027.8,
6,n136,"message Grandpa Joe, I mean my actual grandfather not my uncle who everyone calls Grandpa Joe: dinner's at 6",edge_case,hard,send_message,"{""recipient"": ""Grandpa Joe"", ""message"": ""dinner's at 6""}","{""name"": ""send_message"", ""arguments"": {""recipient"": ""Grandpa Joe"", ""message"": ""dinner's at 6""}}",send_message,"{""recipient"": ""Grandpa Joe"", ""message"": ""dinner's at 6""}",True,True,True,False,9162.3,
7,n136,"message Grandpa Joe, I mean my actual grandfather not my uncle who everyone calls Grandpa Joe: dinner's at 6",edge_case,hard,send_message,"{""recipient"": ""Grandpa Joe"", ""message"": ""dinner's at 6""}","{""name"": ""send_message"", ""arguments"": {""recipient"": ""Grandpa Joe"", ""message"": ""dinner's at 6""}}",send_message,"{""recipient"": ""Grandpa Joe"", ""message"": ""dinner's at 6""}",True,True,True,False,10325.5,
8,n136,"message Grandpa Joe, I mean my actual grandfather not my uncle who everyone calls Grandpa Joe: dinner's at 6",edge_case,hard,send_message,"{""recipient"": ""Grandpa Joe"", ""message"": ""dinner's at 6""}","{""name"": ""send_message"", ""arguments"": {""recipient"": ""Grandpa Joe"", ""message"": ""dinner's at 6""}}",send_message,"{""recipient"": ""Grandpa Joe"", ""message"": ""dinner's at 6""}",True,True,True,False,10064.0,
1,n137,search my contacts for Kim — I think there's more than one but just find Kim,edge_case,hard,search_contacts,"{""query"": ""Kim""}","{""name"": ""search_contacts"", ""arguments"": {""query"": ""Kim""}}",search_contacts,"{""query"": ""Kim""}",True,True,True,False,7461.0,
2,n137,search my contacts for Kim — I think there's more than one but just find Kim,edge_case,hard,search_contacts,"{""query"": ""Kim""}","{""name"": ""search_contacts"", ""arguments"": {""query"": ""Kim""}}",search_contacts,"{""query"": ""Kim""}",True,True,True,False,8907.4,
3,n137,search my contacts for Kim — I think there's more than one but just find Kim,edge_case,hard,search_contacts,"{""query"": ""Kim""}","{""name"": ""search_contacts"", ""arguments"": {""query"": ""Kim""}}",search_contacts,"{""query"": ""Kim""}",True,True,True,False,9087.6,
4,n137,search my contacts for Kim — I think there's more than one but just find Kim,edge_case,hard,search_contacts,"{""query"": ""Kim""}","{""name"": ""search_contacts"", ""arguments"": {""query"": ""Kim""}}",search_contacts,"{""query"": ""Kim""}",True,True,True,False,10664.8,
5,n137,search my contacts for Kim — I think there's more than one but just find Kim,edge_case,hard,search_contacts,"{""query"": ""Kim""}","{""name"": ""search_contacts"", ""arguments"": {""query"": ""Kim""}}",search_contacts,"{""query"": ""Kim""}",True,True,True,False,8303.6,
6,n137,search my contacts for Kim — I think there's more than one but just find Kim,edge_case,hard,search_contacts,"{""query"": ""Kim""}","{""name"": ""search_contacts"", ""arguments"": {""query"": ""Kim""}}",search_contacts,"{""query"": ""Kim""}",True,True,True,False,9290.1,
7,n137,search my contacts for Kim — I think there's more than one but just find Kim,edge_case,hard,search_contacts,"{""query"": ""Kim""}","{""name"": ""search_contacts"", ""arguments"": {""query"": ""Kim""}}",search_contacts,"{""query"": ""Kim""}",True,True,True,False,9528.4,
8,n137,search my contacts for Kim — I think there's more than one but just find Kim,edge_case,hard,search_contacts,"{""query"": ""Kim""}","{""name"": ""search_contacts"", ""arguments"": {""query"": ""Kim""}}",search_contacts,"{""query"": ""Kim""}",True,True,True,False,9497.2,
1,n138,set a timer for a minute and a half to steam the dumplings,edge_case,hard,set_timer,"{""duration_minutes"": 1.5, ""label"": ""steam the dumplings""}","{""name"": ""set_timer"", ""arguments"": {""duration_minutes"": 1.5, ""label"": ""steam the dumplings""}}",set_timer,"{""duration_minutes"": 1.5, ""label"": ""steam the dumplings""}",True,True,True,False,9244.1,
2,n138,set a timer for a minute and a half to steam the dumplings,edge_case,hard,set_timer,"{""duration_minutes"": 1.5, ""label"": ""steam the dumplings""}","{""name"": ""set_timer"", ""arguments"": {""duration_minutes"": 1.5, ""label"": ""steam the dumplings""}}",set_timer,"{""duration_minutes"": 1.5, ""label"": ""steam the dumplings""}",True,True,True,False,8454.2,
3,n138,set a timer for a minute and a half to steam the dumplings,edge_case,hard,set_timer,"{""duration_minutes"": 1.5, ""label"": ""steam the dumplings""}","{""name"": ""set_timer"", ""arguments"": {""duration_minutes"": 1.5, ""label"": ""steam the dumplings""}}",set_timer,"{""duration_minutes"": 1.5, ""label"": ""steam the dumplings""}",True,True,True,False,9495.5,
4,n138,set a timer for a minute and a half to steam the dumplings,edge_case,hard,set_timer,"{""duration_minutes"": 1.5, ""label"": ""steam the dumplings""}","{""name"": ""set_timer"", ""arguments"": {""duration_minutes"": 1.5, ""label"": ""steam the dumplings""}}",set_timer,"{""duration_minutes"": 1.5, ""label"": ""steam the dumplings""}",True,True,True,False,9209.4,
5,n138,set a timer for a minute and a half to steam the dumplings,edge_case,hard,set_timer,"{""duration_minutes"": 1.5, ""label"": ""steam the dumplings""}","{""name"": ""set_timer"", ""arguments"": {""duration_minutes"": 1.5, ""label"": ""steam the dumplings""}}",set_timer,"{""duration_minutes"": 1.5, ""label"": ""steam the dumplings""}",True,True,True,False,9063.9,
6,n138,set a timer for a minute and a half to steam the dumplings,edge_case,hard,set_timer,"{""duration_minutes"": 1.5, ""label"": ""steam the dumplings""}","{""name"": ""set_timer"", ""arguments"": {""duration_minutes"": 1.5, ""label"": ""steam the dumplings""}}",set_timer,"{""duration_minutes"": 1.5, ""label"": ""steam the dumplings""}",True,True,True,False,10889.1,
7,n138,set a timer for a minute and a half to steam the dumplings,edge_case,hard,set_timer,"{""duration_minutes"": 1.5, ""label"": ""steam the dumplings""}","{""name"": ""set_timer"", ""arguments"": {""duration_minutes"": 1.5, ""label"": ""steam the dumplings""}}",set_timer,"{""duration_minutes"": 1.5, ""label"": ""steam the dumplings""}",True,True,True,False,8086.2,
8,n138,set a timer for a minute and a half to steam the dumplings,edge_case,hard,set_timer,"{""duration_minutes"": 1.5, ""label"": ""steam the dumplings""}","{""name"": ""set_timer"", ""arguments"": {""duration_minutes"": 1.5, ""label"": ""steam the dumplings""}}",set_timer,"{""duration_minutes"": 1.5, ""label"": ""steam the dumplings""}",True,True,True,False,8108.5,
1,n139,give me a two hour timer labeled 'slow cook',edge_case,hard,set_timer,"{""duration_minutes"": 120, ""label"": ""slow cook""}","{""name"": ""set_timer"", ""arguments"": {""duration_minutes"": 120, ""label"": ""slow cook""}}",set_timer,"{""duration_minutes"": 120, ""label"": ""slow cook""}",True,True,True,False,7940.5,
2,n139,give me a two hour timer labeled 'slow cook',edge_case,hard,set_timer,"{""duration_minutes"": 120, ""label"": ""slow cook""}","{""name"": ""set_timer"", ""arguments"": {""duration_minutes"": 120, ""label"": ""slow cook""}}",set_timer,"{""duration_minutes"": 120, ""label"": ""slow cook""}",True,True,True,False,10116.6,
3,n139,give me a two hour timer labeled 'slow cook',edge_case,hard,set_timer,"{""duration_minutes"": 120, ""label"": ""slow cook""}","{""name"": ""set_timer"", ""arguments"": {""duration_minutes"": 120, ""label"": ""slow cook""}}",set_timer,"{""duration_minutes"": 120, ""label"": ""slow cook""}",True,True,True,False,12284.1,
4,n139,give me a two hour timer labeled 'slow cook',edge_case,hard,set_timer,"{""duration_minutes"": 120, ""label"": ""slow cook""}","{""name"": ""set_timer"", ""arguments"": {""duration_minutes"": 120, ""label"": ""slow cook""}}",set_timer,"{""duration_minutes"": 120, ""label"": ""slow cook""}",True,True,True,False,9416.9,
5,n139,give me a two hour timer labeled 'slow cook',edge_case,hard,set_timer,"{""duration_minutes"": 120, ""label"": ""slow cook""}","{""name"": ""set_timer"", ""arguments"": {""duration_minutes"": 120, ""label"": ""slow cook""}}",set_timer,"{""duration_minutes"": 120, ""label"": ""slow cook""}",True,True,True,False,8962.0,
6,n139,give me a two hour timer labeled 'slow cook',edge_case,hard,set_timer,"{""duration_minutes"": 120, ""label"": ""slow cook""}","{""name"": ""set_timer"", ""arguments"": {""duration_minutes"": 120, ""label"": ""slow cook""}}",set_timer,"{""duration_minutes"": 120, ""label"": ""slow cook""}",True,True,True,False,8764.1,
7,n139,give me a two hour timer labeled 'slow cook',edge_case,hard,set_timer,"{""duration_minutes"": 120, ""label"": ""slow cook""}","{""name"": ""set_timer"", ""arguments"": {""duration_minutes"": 120, ""label"": ""slow cook""}}",set_timer,"{""duration_minutes"": 120, ""label"": ""slow cook""}",True,True,True,False,10300.9,
8,n139,give me a two hour timer labeled 'slow cook',edge_case,hard,set_timer,"{""duration_minutes"": 120, ""label"": ""slow cook""}","{""name"": ""set_timer"", ""arguments"": {""duration_minutes"": 120, ""label"": ""slow cook""}}",set_timer,"{""duration_minutes"": 120, ""label"": ""slow cook""}",True,True,True,False,9615.7,
1,n140,set a timer for forty five minutes for the marinade,edge_case,hard,set_timer,"{""duration_minutes"": 45, ""label"": ""the marinade""}","{""name"": ""set_timer"", ""arguments"": {""duration_minutes"": 45, ""label"": ""marinade""}}",set_timer,"{""duration_minutes"": 45, ""label"": ""marinade""}",True,True,True,False,12992.3,
2,n140,set a timer for forty five minutes for the marinade,edge_case,hard,set_timer,"{""duration_minutes"": 45, ""label"": ""the marinade""}","{""name"": ""set_timer"", ""arguments"": {""duration_minutes"": 45, ""label"": ""marinade""}}",set_timer,"{""duration_minutes"": 45, ""label"": ""marinade""}",True,True,True,False,19720.8,
3,n140,set a timer for forty five minutes for the marinade,edge_case,hard,set_timer,"{""duration_minutes"": 45, ""label"": ""the marinade""}","{""name"": ""set_timer"", ""arguments"": {""duration_minutes"": 45, ""label"": ""marinade""}}",set_timer,"{""duration_minutes"": 45, ""label"": ""marinade""}",True,True,True,False,11881.2,
4,n140,set a timer for forty five minutes for the marinade,edge_case,hard,set_timer,"{""duration_minutes"": 45, ""label"": ""the marinade""}","{""name"": ""set_timer"", ""arguments"": {""duration_minutes"": 45, ""label"": ""marinade""}}",set_timer,"{""duration_minutes"": 45, ""label"": ""marinade""}",True,True,True,False,11972.1,
5,n140,set a timer for forty five minutes for the marinade,edge_case,hard,set_timer,"{""duration_minutes"": 45, ""label"": ""the marinade""}","{""name"": ""set_timer"", ""arguments"": {""duration_minutes"": 45, ""label"": ""marinade""}}",set_timer,"{""duration_minutes"": 45, ""label"": ""marinade""}",True,True,True,False,12380.8,
6,n140,set a timer for forty five minutes for the marinade,edge_case,hard,set_timer,"{""duration_minutes"": 45, ""label"": ""the marinade""}","{""name"": ""set_timer"", ""arguments"": {""duration_minutes"": 45, ""label"": ""marinade""}}",set_timer,"{""duration_minutes"": 45, ""label"": ""marinade""}",True,True,True,False,11586.2,
7,n140,set a timer for forty five minutes for the marinade,edge_case,hard,set_timer,"{""duration_minutes"": 45, ""label"": ""the marinade""}","{""name"": ""set_timer"", ""arguments"": {""duration_minutes"": 45, ""label"": ""marinade""}}",set_timer,"{""duration_minutes"": 45, ""label"": ""marinade""}",True,True,True,False,9917.2,
8,n140,set a timer for forty five minutes for the marinade,edge_case,hard,set_timer,"{""duration_minutes"": 45, ""label"": ""the marinade""}","{""name"": ""set_timer"", ""arguments"": {""duration_minutes"": 45, ""label"": ""marinade""}}",set_timer,"{""duration_minutes"": 45, ""label"": ""marinade""}",True,True,True,False,10527.6,
1,n141,start a timer for 1 hour and 15 minutes labeled 'roast turkey',edge_case,hard,set_timer,"{""duration_minutes"": 75, ""label"": ""roast turkey""}","{""name"": ""set_timer"", ""arguments"": {""duration_minutes"": 75, ""label"": ""roast turkey""}}",set_timer,"{""duration_minutes"": 75, ""label"": ""roast turkey""}",True,True,True,False,10876.2,
2,n141,start a timer for 1 hour and 15 minutes labeled 'roast turkey',edge_case,hard,set_timer,"{""duration_minutes"": 75, ""label"": ""roast turkey""}","{""name"": ""set_timer"", ""arguments"": {""duration_minutes"": 75, ""label"": ""roast turkey""}}",set_timer,"{""duration_minutes"": 75, ""label"": ""roast turkey""}",True,True,True,False,9922.4,
3,n141,start a timer for 1 hour and 15 minutes labeled 'roast turkey',edge_case,hard,set_timer,"{""duration_minutes"": 75, ""label"": ""roast turkey""}","{""name"": ""set_timer"", ""arguments"": {""duration_minutes"": 105, ""label"": ""roast turkey""}}",set_timer,"{""duration_minutes"": 105, ""label"": ""roast turkey""}",True,False,True,False,14088.0,
4,n141,start a timer for 1 hour and 15 minutes labeled 'roast turkey',edge_case,hard,set_timer,"{""duration_minutes"": 75, ""label"": ""roast turkey""}","{""name"": ""set_timer"", ""arguments"": {""duration_minutes"": 105, ""label"": ""roast turkey""}}",set_timer,"{""duration_minutes"": 105, ""label"": ""roast turkey""}",True,False,True,False,13494.8,
5,n141,start a timer for 1 hour and 15 minutes labeled 'roast turkey',edge_case,hard,set_timer,"{""duration_minutes"": 75, ""label"": ""roast turkey""}","{""name"": ""set_timer"", ""arguments"": {""duration_minutes"": 90, ""label"": ""roast turkey""}}",set_timer,"{""duration_minutes"": 90, ""label"": ""roast turkey""}",True,False,True,False,11852.4,
6,n141,start a timer for 1 hour and 15 minutes labeled 'roast turkey',edge_case,hard,set_timer,"{""duration_minutes"": 75, ""label"": ""roast turkey""}","{""name"": ""set_timer"", ""arguments"": {""duration_minutes"": 90, ""label"": ""roast turkey""}}",set_timer,"{""duration_minutes"": 90, ""label"": ""roast turkey""}",True,False,True,False,11928.0,
7,n141,start a timer for 1 hour and 15 minutes labeled 'roast turkey',edge_case,hard,set_timer,"{""duration_minutes"": 75, ""label"": ""roast turkey""}","{""name"": ""set_timer"", ""arguments"": {""duration_minutes"": 90, ""label"": ""roast turkey""}}",set_timer,"{""duration_minutes"": 90, ""label"": ""roast turkey""}",True,False,True,False,10367.2,
8,n141,start a timer for 1 hour and 15 minutes labeled 'roast turkey',edge_case,hard,set_timer,"{""duration_minutes"": 75, ""label"": ""roast turkey""}","{""name"": ""set_timer"", ""arguments"": {""duration_minutes"": 75, ""label"": ""roast turkey""}}",set_timer,"{""duration_minutes"": 75, ""label"": ""roast turkey""}",True,True,True,False,12046.7,
1,n142,set a timer for thirty seconds labeled 'quick check',edge_case,hard,set_timer,"{""duration_minutes"": 0.5, ""label"": ""quick check""}","{""name"": ""set_timer"", ""arguments"": {""duration_minutes"": 0.5, ""label"": ""quick check""}}",set_timer,"{""duration_minutes"": 0.5, ""label"": ""quick check""}",True,True,True,False,7898.1,
2,n142,set a timer for thirty seconds labeled 'quick check',edge_case,hard,set_timer,"{""duration_minutes"": 0.5, ""label"": ""quick check""}","{""name"": ""set_timer"", ""arguments"": {""duration_minutes"": 30, ""label"": ""quick check""}}",set_timer,"{""duration_minutes"": 30, ""label"": ""quick check""}",True,False,True,False,7205.8,
3,n142,set a timer for thirty seconds labeled 'quick check',edge_case,hard,set_timer,"{""duration_minutes"": 0.5, ""label"": ""quick check""}","{""name"": ""set_timer"", ""arguments"": {""duration_minutes"": 30, ""label"": ""quick check""}}",set_timer,"{""duration_minutes"": 30, ""label"": ""quick check""}",True,False,True,False,8416.4,
4,n142,set a timer for thirty seconds labeled 'quick check',edge_case,hard,set_timer,"{""duration_minutes"": 0.5, ""label"": ""quick check""}","{""name"": ""set_timer"", ""arguments"": {""duration_minutes"": 0.5, ""label"": ""quick check""}}",set_timer,"{""duration_minutes"": 0.5, ""label"": ""quick check""}",True,True,True,False,7799.8,
5,n142,set a timer for thirty seconds labeled 'quick check',edge_case,hard,set_timer,"{""duration_minutes"": 0.5, ""label"": ""quick check""}","{""name"": ""set_timer"", ""arguments"": {""duration_minutes"": 30, ""label"": ""quick check""}}",set_timer,"{""duration_minutes"": 30, ""label"": ""quick check""}",True,False,True,False,8498.5,
6,n142,set a timer for thirty seconds labeled 'quick check',edge_case,hard,set_timer,"{""duration_minutes"": 0.5, ""label"": ""quick check""}","{""name"": ""set_timer"", ""arguments"": {""duration_minutes"": 30, ""label"": ""quick check""}}",set_timer,"{""duration_minutes"": 30, ""label"": ""quick check""}",True,False,True,False,8294.0,
7,n142,set a timer for thirty seconds labeled 'quick check',edge_case,hard,set_timer,"{""duration_minutes"": 0.5, ""label"": ""quick check""}","{""name"": ""set_timer"", ""arguments"": {""duration_minutes"": 30, ""label"": ""quick check""}}",set_timer,"{""duration_minutes"": 30, ""label"": ""quick check""}",True,False,True,False,9093.5,
8,n142,set a timer for thirty seconds labeled 'quick check',edge_case,hard,set_timer,"{""duration_minutes"": 0.5, ""label"": ""quick check""}","{""name"": ""set_timer"", ""arguments"": {""duration_minutes"": 30, ""label"": ""quick check""}}",set_timer,"{""duration_minutes"": 30, ""label"": ""quick check""}",True,False,True,False,8004.8,
1,n143,"text Layla exactly: ""don't wait up, I'll be late — traffic is insane!!""",edge_case,hard,send_message,"{""recipient"": ""Layla"", ""message"": ""don't wait up, I'll be late — traffic is insane!!""}","{""name"": ""send_message"", ""arguments"": {""recipient"": ""Layla"", ""message"": ""don't wait up, I'll be late — traffic is insane!!""}}",send_message,"{""recipient"": ""Layla"", ""message"": ""don't wait up, I'll be late — traffic is insane!!""}",True,True,True,False,10468.6,
2,n143,"text Layla exactly: ""don't wait up, I'll be late — traffic is insane!!""",edge_case,hard,send_message,"{""recipient"": ""Layla"", ""message"": ""don't wait up, I'll be late — traffic is insane!!""}","{""name"": ""send_message"", ""arguments"": {""recipient"": ""Layla"", ""message"": ""don't wait up, I'll be late — traffic is insane!!""}}",send_message,"{""recipient"": ""Layla"", ""message"": ""don't wait up, I'll be late — traffic is insane!!""}",True,True,True,False,10067.3,
3,n143,"text Layla exactly: ""don't wait up, I'll be late — traffic is insane!!""",edge_case,hard,send_message,"{""recipient"": ""Layla"", ""message"": ""don't wait up, I'll be late — traffic is insane!!""}","{""name"": ""send_message"", ""arguments"": {""recipient"": ""Layla"", ""message"": ""don't wait up, I'll be late — traffic is insane!!""}}",send_message,"{""recipient"": ""Layla"", ""message"": ""don't wait up, I'll be late — traffic is insane!!""}",True,True,True,False,8220.5,
4,n143,"text Layla exactly: ""don't wait up, I'll be late — traffic is insane!!""",edge_case,hard,send_message,"{""recipient"": ""Layla"", ""message"": ""don't wait up, I'll be late — traffic is insane!!""}","{""name"": ""send_message"", ""arguments"": {""recipient"": ""Layla"", ""message"": ""don't wait up, I'll be late — traffic is insane!!""}}",send_message,"{""recipient"": ""Layla"", ""message"": ""don't wait up, I'll be late — traffic is insane!!""}",True,True,True,False,10073.1,
5,n143,"text Layla exactly: ""don't wait up, I'll be late — traffic is insane!!""",edge_case,hard,send_message,"{""recipient"": ""Layla"", ""message"": ""don't wait up, I'll be late — traffic is insane!!""}","{""name"": ""send_message"", ""arguments"": {""recipient"": ""Layla"", ""message"": ""don't wait up, I'll be late — traffic is insane!!""}}",send_message,"{""recipient"": ""Layla"", ""message"": ""don't wait up, I'll be late — traffic is insane!!""}",True,True,True,False,15221.3,
6,n143,"text Layla exactly: ""don't wait up, I'll be late — traffic is insane!!""",edge_case,hard,send_message,"{""recipient"": ""Layla"", ""message"": ""don't wait up, I'll be late — traffic is insane!!""}","{""name"": ""send_message"", ""arguments"": {""recipient"": ""Layla"", ""message"": ""don't wait up, I'll be late — traffic is insane!!""}}",send_message,"{""recipient"": ""Layla"", ""message"": ""don't wait up, I'll be late — traffic is insane!!""}",True,True,True,False,17797.4,
7,n143,"text Layla exactly: ""don't wait up, I'll be late — traffic is insane!!""",edge_case,hard,send_message,"{""recipient"": ""Layla"", ""message"": ""don't wait up, I'll be late — traffic is insane!!""}","{""name"": ""send_message"", ""arguments"": {""recipient"": ""Layla"", ""message"": ""don't wait up, I'll be late — traffic is insane!!""}}",send_message,"{""recipient"": ""Layla"", ""message"": ""don't wait up, I'll be late — traffic is insane!!""}",True,True,True,False,10025.4,
8,n143,"text Layla exactly: ""don't wait up, I'll be late — traffic is insane!!""",edge_case,hard,send_message,"{""recipient"": ""Layla"", ""message"": ""don't wait up, I'll be late — traffic is insane!!""}","{""name"": ""send_message"", ""arguments"": {""recipient"": ""Layla"", ""message"": ""don't wait up, I'll be late — traffic is insane!!""}}",send_message,"{""recipient"": ""Layla"", ""message"": ""don't wait up, I'll be late — traffic is insane!!""}",True,True,True,False,12790.6,
1,n144,"message Farid word for word: 'meeting's at 9, bring the slides.'",edge_case,hard,send_message,"{""recipient"": ""Farid"", ""message"": ""meeting's at 9, bring the slides.""}","{""name"": ""send_message"", ""arguments"": {""recipient"": ""Farid"", ""message"": ""meeting's at 9 bring the slides.""}}",send_message,"{""recipient"": ""Farid"", ""message"": ""meeting's at 9 bring the slides.""}",True,False,True,False,13275.8,
2,n144,"message Farid word for word: 'meeting's at 9, bring the slides.'",edge_case,hard,send_message,"{""recipient"": ""Farid"", ""message"": ""meeting's at 9, bring the slides.""}","{""name"": ""send_message"", ""arguments"": {""recipient"": ""Farid"", ""message"": ""bring the slides.""}}",send_message,"{""recipient"": ""Farid"", ""message"": ""bring the slides.""}",True,True,True,False,11480.0,
3,n144,"message Farid word for word: 'meeting's at 9, bring the slides.'",edge_case,hard,send_message,"{""recipient"": ""Farid"", ""message"": ""meeting's at 9, bring the slides.""}","{""name"": ""send_message"", ""arguments"": {""recipient"": ""Farid"", ""message"": ""meeting's at 9, bring the slides.""}}",send_message,"{""recipient"": ""Farid"", ""message"": ""meeting's at 9, bring the slides.""}",True,True,True,False,13228.8,
4,n144,"message Farid word for word: 'meeting's at 9, bring the slides.'",edge_case,hard,send_message,"{""recipient"": ""Farid"", ""message"": ""meeting's at 9, bring the slides.""}","{""name"": ""send_message"", ""arguments"": {""recipient"": ""Farid"", ""message"": ""meeting's at 9, bring the slides.""}}",send_message,"{""recipient"": ""Farid"", ""message"": ""meeting's at 9, bring the slides.""}",True,True,True,False,11394.5,
5,n144,"message Farid word for word: 'meeting's at 9, bring the slides.'",edge_case,hard,send_message,"{""recipient"": ""Farid"", ""message"": ""meeting's at 9, bring the slides.""}","{""name"": ""send_message"", ""arguments"": {""recipient"": ""Farid"", ""message"": ""meeting's at 9, bring the slides.""}}",send_message,"{""recipient"": ""Farid"", ""message"": ""meeting's at 9, bring the slides.""}",True,True,True,False,11736.5,
6,n144,"message Farid word for word: 'meeting's at 9, bring the slides.'",edge_case,hard,send_message,"{""recipient"": ""Farid"", ""message"": ""meeting's at 9, bring the slides.""}","{""name"": ""send_message"", ""arguments"": {""recipient"": ""Farid"", ""message"": ""meeting's at 9 bring the slides.""}}",send_message,"{""recipient"": ""Farid"", ""message"": ""meeting's at 9 bring the slides.""}",True,False,True,False,11193.6,
7,n144,"message Farid word for word: 'meeting's at 9, bring the slides.'",edge_case,hard,send_message,"{""recipient"": ""Farid"", ""message"": ""meeting's at 9, bring the slides.""}","{""name"": ""send_message"", ""arguments"": {""recipient"": ""Farid"", ""message"": ""meeting's at 9, bring the slides.""}}",send_message,"{""recipient"": ""Farid"", ""message"": ""meeting's at 9, bring the slides.""}",True,True,True,False,12583.0,
8,n144,"message Farid word for word: 'meeting's at 9, bring the slides.'",edge_case,hard,send_message,"{""recipient"": ""Farid"", ""message"": ""meeting's at 9, bring the slides.""}","{
  ""name"": ""send_message"",
  ""arguments"": {
    ""recipient"": ""Farid"",
    ""message"": ""meeting's at 9, bring the slides.""
  }
}",send_message,"{""recipient"": ""Farid"", ""message"": ""meeting's at 9, bring the slides.""}",True,True,True,False,15685.3,
1,n145,"send this exact message to Priti — 'ok, see you then :)'",edge_case,hard,send_message,"{""recipient"": ""Priti"", ""message"": ""ok, see you then :)""}","{""name"": ""send_message"", ""arguments"": {""recipient"": ""Priti"", ""message"": ""ok, see you then :)""}}",send_message,"{""recipient"": ""Priti"", ""message"": ""ok, see you then :)""}",True,True,True,False,14034.1,
2,n145,"send this exact message to Priti — 'ok, see you then :)'",edge_case,hard,send_message,"{""recipient"": ""Priti"", ""message"": ""ok, see you then :)""}","{""name"": ""send_message"", ""arguments"": {""recipient"": ""Priti"", ""message"": ""ok, see you then :)""}}",send_message,"{""recipient"": ""Priti"", ""message"": ""ok, see you then :)""}",True,True,True,False,11970.6,
3,n145,"send this exact message to Priti — 'ok, see you then :)'",edge_case,hard,send_message,"{""recipient"": ""Priti"", ""message"": ""ok, see you then :)""}","{""name"": ""send_message"", ""arguments"": {""recipient"": ""Priti"", ""message"": ""ok, see you then :)""}}",send_message,"{""recipient"": ""Priti"", ""message"": ""ok, see you then :)""}",True,True,True,False,12808.3,
4,n145,"send this exact message to Priti — 'ok, see you then :)'",edge_case,hard,send_message,"{""recipient"": ""Priti"", ""message"": ""ok, see you then :)""}","{""name"": ""send_message"", ""arguments"": {""recipient"": ""Priti"", ""message"": ""ok, see you then :)}}",,,False,False,True,False,10247.5,
5,n145,"send this exact message to Priti — 'ok, see you then :)'",edge_case,hard,send_message,"{""recipient"": ""Priti"", ""message"": ""ok, see you then :)""}","{""name"": ""send_message"", ""arguments"": {""recipient"": ""Priti"", ""message"": ""ok, see you then :)""}}",send_message,"{""recipient"": ""Priti"", ""message"": ""ok, see you then :)""}",True,True,True,False,11221.7,
6,n145,"send this exact message to Priti — 'ok, see you then :)'",edge_case,hard,send_message,"{""recipient"": ""Priti"", ""message"": ""ok, see you then :)""}","{""name"": ""send_message"", ""arguments"": {""recipient"": ""Priti"", ""message"": ""ok, see you then :)""}}",send_message,"{""recipient"": ""Priti"", ""message"": ""ok, see you then :)""}",True,True,True,False,13851.3,
7,n145,"send this exact message to Priti — 'ok, see you then :)'",edge_case,hard,send_message,"{""recipient"": ""Priti"", ""message"": ""ok, see you then :)""}","{""name"": ""send_message"", ""arguments"": {""recipient"": ""Priti"", ""message"": ""ok, see you then :)""}}",send_message,"{""recipient"": ""Priti"", ""message"": ""ok, see you then :)""}",True,True,True,False,10886.5,
8,n145,"send this exact message to Priti — 'ok, see you then :)'",edge_case,hard,send_message,"{""recipient"": ""Priti"", ""message"": ""ok, see you then :)""}","{""name"": ""send_message"", ""arguments"": {""recipient"": ""Priti"", ""message"": ""ok, see you then :)""}}",send_message,"{""recipient"": ""Priti"", ""message"": ""ok, see you then :)""}",True,True,True,False,12040.2,
1,n146,"so I was at the gym earlier and totally forgot, but can you check the weather in Montreal for me",edge_case,hard,get_weather,"{""location"": ""Montreal""}","{""name"": ""get_weather"", ""arguments"": {""location"": ""Montreal""}}",get_weather,"{""location"": ""Montreal""}",True,True,True,False,10640.4,
2,n146,"so I was at the gym earlier and totally forgot, but can you check the weather in Montreal for me",edge_case,hard,get_weather,"{""location"": ""Montreal""}","{""name"": ""get_weather"", ""arguments"": {""location"": ""Montreal""}}",get_weather,"{""location"": ""Montreal""}",True,True,True,False,16813.2,
3,n146,"so I was at the gym earlier and totally forgot, but can you check the weather in Montreal for me",edge_case,hard,get_weather,"{""location"": ""Montreal""}","{""name"": ""get_weather"", ""arguments"": {""location"": ""Montreal""}}",get_weather,"{""location"": ""Montreal""}",True,True,True,False,11556.8,
4,n146,"so I was at the gym earlier and totally forgot, but can you check the weather in Montreal for me",edge_case,hard,get_weather,"{""location"": ""Montreal""}","{""name"": ""get_weather"", ""arguments"": {""location"": ""Montreal""}}",get_weather,"{""location"": ""Montreal""}",True,True,True,False,10309.9,
5,n146,"so I was at the gym earlier and totally forgot, but can you check the weather in Montreal for me",edge_case,hard,get_weather,"{""location"": ""Montreal""}","{""name"": ""get_weather"", ""arguments"": {""location"": ""Montreal""}}",get_weather,"{""location"": ""Montreal""}",True,True,True,False,10182.5,
6,n146,"so I was at the gym earlier and totally forgot, but can you check the weather in Montreal for me",edge_case,hard,get_weather,"{""location"": ""Montreal""}","{""name"": ""get_weather"", ""arguments"": {""location"": ""Montreal""}}",get_weather,"{""location"": ""Montreal""}",True,True,True,False,9970.0,
7,n146,"so I was at the gym earlier and totally forgot, but can you check the weather in Montreal for me",edge_case,hard,get_weather,"{""location"": ""Montreal""}","{""name"": ""get_weather"", ""arguments"": {""location"": ""Montréal""}}",get_weather,"{""location"": ""Montréal""}",True,False,True,False,12057.4,
8,n146,"so I was at the gym earlier and totally forgot, but can you check the weather in Montreal for me",edge_case,hard,get_weather,"{""location"": ""Montreal""}","{""name"": ""get_weather"", ""arguments"": {""location"": ""Montreal""}}",get_weather,"{""location"": ""Montreal""}",True,True,True,False,11132.1,
1,n147,"my phone's been acting up all day but anyway, find Yusuf in my contacts",edge_case,hard,search_contacts,"{""query"": ""Yusuf""}","{""name"": ""search_contacts"", ""arguments"": {""query"": ""Yusuf""}}",search_contacts,"{""query"": ""Yusuf""}",True,True,True,False,11837.3,
2,n147,"my phone's been acting up all day but anyway, find Yusuf in my contacts",edge_case,hard,search_contacts,"{""query"": ""Yusuf""}","{""name"": ""search_contacts"", ""arguments"": {""query"": ""Yusuf""}}",search_contacts,"{""query"": ""Yusuf""}",True,True,True,False,14870.7,
3,n147,"my phone's been acting up all day but anyway, find Yusuf in my contacts",edge_case,hard,search_contacts,"{""query"": ""Yusuf""}","{""name"": ""search_contacts"", ""arguments"": {""query"": ""Yusuf""}}",search_contacts,"{""query"": ""Yusuf""}",True,True,True,False,10555.0,
4,n147,"my phone's been acting up all day but anyway, find Yusuf in my contacts",edge_case,hard,search_contacts,"{""query"": ""Yusuf""}","{""name"": ""search_contacts"", ""arguments"": {""query"": ""Yusuf""}}",search_contacts,"{""query"": ""Yusuf""}",True,True,True,False,9495.9,
5,n147,"my phone's been acting up all day but anyway, find Yusuf in my contacts",edge_case,hard,search_contacts,"{""query"": ""Yusuf""}","{""name"": ""search_contacts"", ""arguments"": {""query"": ""Yusuf""}}",search_contacts,"{""query"": ""Yusuf""}",True,True,True,False,9168.9,
6,n147,"my phone's been acting up all day but anyway, find Yusuf in my contacts",edge_case,hard,search_contacts,"{""query"": ""Yusuf""}","{""name"": ""search_contacts"", ""arguments"": {""query"": ""Yusuf""}}",search_contacts,"{""query"": ""Yusuf""}",True,True,True,False,12853.1,
7,n147,"my phone's been acting up all day but anyway, find Yusuf in my contacts",edge_case,hard,search_contacts,"{""query"": ""Yusuf""}","{""name"": ""search_contacts"", ""arguments"": {""query"": ""Yusuf""}}",search_contacts,"{""query"": ""Yusuf""}",True,True,True,False,8902.5,
8,n147,"my phone's been acting up all day but anyway, find Yusuf in my contacts",edge_case,hard,search_contacts,"{""query"": ""Yusuf""}","{""name"": ""search_contacts"", ""arguments"": {""query"": ""Yusuf""}}",search_contacts,"{""query"": ""Yusuf""}",True,True,True,False,9801.3,
1,n148,"ugh long day, can you set a 10 minute timer for a power nap",edge_case,hard,set_timer,"{""duration_minutes"": 10, ""label"": ""power nap""}","{""name"": ""set_timer"", ""arguments"": {""duration_minutes"": 10, ""label"": ""power nap""}}",set_timer,"{""duration_minutes"": 10, ""label"": ""power nap""}",True,True,True,False,10863.0,
2,n148,"ugh long day, can you set a 10 minute timer for a power nap",edge_case,hard,set_timer,"{""duration_minutes"": 10, ""label"": ""power nap""}","{""name"": ""set_timer"", ""arguments"": {""duration_minutes"": 10, ""label"": ""power nap""}}",set_timer,"{""duration_minutes"": 10, ""label"": ""power nap""}",True,True,True,False,10801.1,
3,n148,"ugh long day, can you set a 10 minute timer for a power nap",edge_case,hard,set_timer,"{""duration_minutes"": 10, ""label"": ""power nap""}","{""name"": ""set_timer"", ""arguments"": {""duration_minutes"": 10, ""label"": ""power nap""}}",set_timer,"{""duration_minutes"": 10, ""label"": ""power nap""}",True,True,True,False,11107.4,
4,n148,"ugh long day, can you set a 10 minute timer for a power nap",edge_case,hard,set_timer,"{""duration_minutes"": 10, ""label"": ""power nap""}","{""name"": ""set_timer"", ""arguments"": {""duration_minutes"": 10, ""label"": ""power nap""}}",set_timer,"{""duration_minutes"": 10, ""label"": ""power nap""}",True,True,True,False,10427.7,
5,n148,"ugh long day, can you set a 10 minute timer for a power nap",edge_case,hard,set_timer,"{""duration_minutes"": 10, ""label"": ""power nap""}","{""name"": ""set_timer"", ""arguments"": {""duration_minutes"": 10, ""label"": ""power nap""}}",set_timer,"{""duration_minutes"": 10, ""label"": ""power nap""}",True,True,True,False,9437.5,
6,n148,"ugh long day, can you set a 10 minute timer for a power nap",edge_case,hard,set_timer,"{""duration_minutes"": 10, ""label"": ""power nap""}","{""name"": ""set_timer"", ""arguments"": {""duration_minutes"": 10, ""label"": ""power nap""}}",set_timer,"{""duration_minutes"": 10, ""label"": ""power nap""}",True,True,True,False,10102.0,
7,n148,"ugh long day, can you set a 10 minute timer for a power nap",edge_case,hard,set_timer,"{""duration_minutes"": 10, ""label"": ""power nap""}","{""name"": ""set_timer"", ""arguments"": {""duration_minutes"": 10, ""label"": ""power nap""}}",set_timer,"{""duration_minutes"": 10, ""label"": ""power nap""}",True,True,True,False,12156.7,
8,n148,"ugh long day, can you set a 10 minute timer for a power nap",edge_case,hard,set_timer,"{""duration_minutes"": 10, ""label"": ""power nap""}","{""name"": ""set_timer"", ""arguments"": {""duration_minutes"": 10, ""label"": ""power nap""}}",set_timer,"{""duration_minutes"": 10, ""label"": ""power nap""}",True,True,True,False,10778.4,
1,n149,"quick one before I forget, message Tariq that I'll send the invoice tomorrow",edge_case,hard,send_message,"{""recipient"": ""Tariq"", ""message"": ""I'll send the invoice tomorrow""}","{""name"": ""send_message"", ""arguments"": {""recipient"": ""Tariq"", ""message"": ""invoice tomorrow""}}",send_message,"{""recipient"": ""Tariq"", ""message"": ""invoice tomorrow""}",True,True,True,False,10053.4,
2,n149,"quick one before I forget, message Tariq that I'll send the invoice tomorrow",edge_case,hard,send_message,"{""recipient"": ""Tariq"", ""message"": ""I'll send the invoice tomorrow""}","{""name"": ""send_message"", ""arguments"": {""recipient"": ""Tariq"", ""message"": ""invoice tomorrow""}}",send_message,"{""recipient"": ""Tariq"", ""message"": ""invoice tomorrow""}",True,True,True,False,8850.8,
3,n149,"quick one before I forget, message Tariq that I'll send the invoice tomorrow",edge_case,hard,send_message,"{""recipient"": ""Tariq"", ""message"": ""I'll send the invoice tomorrow""}","{""name"": ""send_message"", ""arguments"": {""recipient"": ""Tariq"", ""message"": ""I'll send the invoice tomorrow.""}}",send_message,"{""recipient"": ""Tariq"", ""message"": ""I'll send the invoice tomorrow.""}",True,True,True,False,8202.5,
4,n149,"quick one before I forget, message Tariq that I'll send the invoice tomorrow",edge_case,hard,send_message,"{""recipient"": ""Tariq"", ""message"": ""I'll send the invoice tomorrow""}","{""name"": ""send_message"", ""arguments"": {""recipient"": ""Tariq"", ""message"": ""send the invoice tomorrow""}}",send_message,"{""recipient"": ""Tariq"", ""message"": ""send the invoice tomorrow""}",True,True,True,False,9149.0,
5,n149,"quick one before I forget, message Tariq that I'll send the invoice tomorrow",edge_case,hard,send_message,"{""recipient"": ""Tariq"", ""message"": ""I'll send the invoice tomorrow""}","{""name"": ""send_message"", ""arguments"": {""recipient"": ""Tariq"", ""message"": ""I'll send the invoice tomorrow.""}}",send_message,"{""recipient"": ""Tariq"", ""message"": ""I'll send the invoice tomorrow.""}",True,True,True,False,13355.3,
6,n149,"quick one before I forget, message Tariq that I'll send the invoice tomorrow",edge_case,hard,send_message,"{""recipient"": ""Tariq"", ""message"": ""I'll send the invoice tomorrow""}","{""name"": ""send_message"", ""arguments"": {""recipient"": ""Tariq"", ""message"": ""I'll send the invoice tomorrow.""}}",send_message,"{""recipient"": ""Tariq"", ""message"": ""I'll send the invoice tomorrow.""}",True,True,True,False,12133.0,
7,n149,"quick one before I forget, message Tariq that I'll send the invoice tomorrow",edge_case,hard,send_message,"{""recipient"": ""Tariq"", ""message"": ""I'll send the invoice tomorrow""}","{""name"": ""send_message"", ""arguments"": {""recipient"": ""Tariq"", ""message"": ""I'll send the invoice tomorrow""}}",send_message,"{""recipient"": ""Tariq"", ""message"": ""I'll send the invoice tomorrow""}",True,True,True,False,9424.6,
8,n149,"quick one before I forget, message Tariq that I'll send the invoice tomorrow",edge_case,hard,send_message,"{""recipient"": ""Tariq"", ""message"": ""I'll send the invoice tomorrow""}","{""name"": ""send_message"", ""arguments"": {""recipient"": ""Tariq"", ""message"": ""I'll send the invoice tomorrow.""}}",send_message,"{""recipient"": ""Tariq"", ""message"": ""I'll send the invoice tomorrow.""}",True,True,True,False,9910.5,
1,n150,find out what time it is in Berlin,edge_case,hard,none,,"{""name"": ""get_weather"", ""arguments"": {""location"": ""Berlin""}}",get_weather,"{""location"": ""Berlin""}",False,False,True,True,11596.4,
2,n150,find out what time it is in Berlin,edge_case,hard,none,,"{""name"": ""get_weather"", ""arguments"": {""location"": ""Berlin""}}",get_weather,"{""location"": ""Berlin""}",False,False,True,True,10596.5,
3,n150,find out what time it is in Berlin,edge_case,hard,none,,The requested tool is not available. I don't have access to functions that can retrieve the current time in Berlin.,,,True,True,True,False,10635.3,
4,n150,find out what time it is in Berlin,edge_case,hard,none,,The current time in Berlin cannot be determined with the available tools.,,,True,True,True,False,12562.6,
5,n150,find out what time it is in Berlin,edge_case,hard,none,,The current time in Berlin is 12:45.,,,True,True,True,False,11881.6,
6,n150,find out what time it is in Berlin,edge_case,hard,none,,The tools provided don't include a function to check the current time.,,,True,True,True,False,10149.8,
7,n150,find out what time it is in Berlin,edge_case,hard,none,,"{""name"": ""get_weather"", ""arguments"": {""location"": ""Berlin""}}",get_weather,"{""location"": ""Berlin""}",False,False,True,True,8409.7,
8,n150,find out what time it is in Berlin,edge_case,hard,none,,"{""name"": ""get_weather"", ""arguments"": {""location"": ""Berlin""}}",get_weather,"{""location"": ""Berlin""}",False,False,True,True,7688.9,
